0.00135632,0.0009500980377197266
0.114806408,0.11423611640930176
0.218697953,0.21839499473571777
0.32141334,0.32102537155151367
0.422332035,0.42191553115844727
0.511779793,0.511329174041748
0.623753314,0.623361349105835
0.727503356,0.7266988754272461
0.805823996,0.8051280975341797
0.904889057,0.9044480323791504
1.02152197,1.0210869312286377
1.109739899,1.1093695163726807
1.200786233,1.2004876136779785
1.31716505,1.3169114589691162
1.40897396,1.4086899757385254
1.508175173,1.5079011917114258
1.606195941,1.6058533191680908
1.690657216,1.6903102397918701
1.778792797,1.7784526348114014
1.922913829,1.922539472579956
2.011665142,2.0111746788024902
2.112985533,2.1125242710113525
2.223025961,2.2227048873901367
2.304282235,2.303985595703125
2.405480332,2.4051287174224854
2.501002899,2.5007083415985107
2.616516771,2.6155471801757812
2.730576891,2.7301414012908936
2.825967625,2.825486898422241
2.91576224,2.9152910709381104
3.023459947,3.022916555404663
3.114531697,3.114166498184204
3.21585554,3.2153608798980713
3.34167782,3.341308355331421
3.406161174,3.4058315753936768
3.523954816,3.523507595062256
3.62061734,3.6202282905578613
3.712159584,3.711676597595215
3.811505422,3.8109734058380127
3.921868448,3.9214706420898438
4.016302618,4.0158531665802
4.111180167,4.110489130020142
4.22024788,4.219828128814697
4.324946523,4.324533462524414
4.456335515,4.455832481384277
4.506856735,4.506526231765747
4.670048708,4.6697118282318115
4.702730043,4.702418804168701
4.839311013,4.8387415409088135
4.909004559,4.908545017242432
5.022388167,5.0219337940216064
5.124875288,5.124534845352173
5.236577752,5.236182928085327
5.3168877,5.316484212875366
5.434242638,5.4338905811309814
5.526187098,5.525738477706909
5.629736432,5.629359483718872
5.723358419,5.722938060760498
5.839172577,5.838716983795166
5.928408826,5.9269983768463135
6.025225421,6.024048089981079
6.101100767,6.100698709487915
6.20254113,6.201898813247681
6.320397808,6.319570541381836
6.415676743,6.4150378704071045
6.526855483,6.526432514190674
6.624083898,6.623617887496948
6.717729287,6.717223882675171
6.804270515,6.803916692733765
6.913435145,6.913027048110962
7.011213996,7.010555982589722
7.091151768,7.090514183044434
7.201968734,7.201470851898193
7.303599016,7.303251266479492
7.399959974,7.3995842933654785
7.616603163,7.61437726020813
7.633631869,7.633178472518921
7.702289943,7.701336622238159
7.793300383,7.792445421218872
7.909020991,7.907890796661377
8.029753912,8.027324676513672
8.137150528,8.13554072380066
8.22524888,8.22377347946167
8.315413884,8.31339979171753
8.411174828,8.409237623214722
8.515220237,8.514023303985596
8.615950028,8.614576578140259
8.71525502,8.713168144226074
8.781240948,8.780324220657349
8.906350845,8.905344486236572
9.027021882,9.02552580833435
9.128907018,9.12654185295105
9.224105171,9.222999095916748
9.293513037,9.2924222946167
9.418946193,9.417325496673584
9.520526025,9.519232511520386
9.614083654,9.61190128326416
9.705551504,9.704573392868042
9.816127084,9.815026044845581
9.90361596,9.90257477760315
9.990524698,9.987066984176636
10.08939773,10.088238000869751
10.221641164,10.220027446746826
10.326169818,10.324626922607422
10.40942109,10.40821385383606
10.517225637,10.515605211257935
10.614168524,10.6127610206604
10.726528844,10.724342107772827
10.810709509,10.809276580810547
10.937550531,10.936197280883789
11.058767011,11.056206226348877
11.10702672,11.106013059616089
11.222565048,11.22146725654602
11.32620608,11.324870347976685
11.434643567,11.433130502700806
11.526369795,11.525011777877808
11.615563819,11.614150047302246
11.727514101,11.726212978363037
11.824509318,11.82347822189331
11.916710611,11.91562795639038
12.019115479,12.017223358154297
12.107361528,12.105674743652344
12.212679691,12.211606740951538
12.295662388,12.294545650482178
12.406928347,12.405467748641968
12.527984238,12.526753902435303
12.614114929,12.612417221069336
12.727148566,12.725208282470703
12.815605987,12.81400179862976
12.909666979,12.908287286758423
13.015468712,13.014022588729858
13.126875744,13.125766515731812
13.212940414,13.211873769760132
13.31261749,13.311601161956787
13.394419248,13.393478393554688
13.521130191,13.519456148147583
13.611891068,13.61009955406189
13.725760238,13.724199533462524
13.801186877,13.800177812576294
13.913186966,13.911887168884277
14.006052738,14.004820585250854
14.154452038,14.153427600860596
14.18241655,14.18088698387146
14.310144873,14.308886766433716
14.410418696,14.409457445144653
14.513577741,14.512162923812866
14.612828372,14.611508131027222
14.707054431,14.705726146697998
14.81603237,14.814068078994751
14.915110873,14.913657188415527
15.016584749,15.015811681747437
15.129492576,15.127958059310913
15.226079017,15.224551916122437
15.325091685,15.32364559173584
15.424394868,15.422610998153687
15.522301386,15.521157503128052
15.591821798,15.590563297271729
15.713506979,15.712395429611206
15.815528439,15.813860654830933
15.921483656,15.919950485229492
16.030397705,16.02877187728882
16.086152833,16.085100650787354
16.225151128,16.223655462265015
16.31185536,16.310153484344482
16.419817879,16.417273998260498
16.521906903,16.520468950271606
16.613602425,16.610032081604004
16.699284025,16.696449518203735
16.831289083,16.829992055892944
16.919820271,16.918428897857666
17.016687117,17.015451908111572
17.113139297,17.111403942108154
17.225946992,17.224613666534424
17.327362102,17.32573938369751
17.419077697,17.417567253112793
17.521759944,17.52043867111206
17.624670968,17.623417615890503
17.71491328,17.71309471130371
17.809665673,17.808507442474365
17.915226284,17.913919687271118
18.02501798,18.023478269577026
18.118572497,18.117016553878784
18.22414783,18.22252917289734
18.377749747,18.376537561416626
18.442208392,18.44039750099182
18.533400507,18.53183341026306
18.622943178,18.621082544326782
18.725326327,18.723803997039795
18.8218961,18.820676803588867
18.911098333,18.91006064414978
19.009572186,19.008399724960327
19.122235486,19.121057271957397
19.214488305,19.213269472122192
19.31177446,19.309906482696533
19.422580121,19.421329021453857
19.513479837,19.512317657470703
19.625802853,19.62479043006897
19.730886762,19.729843378067017
19.807410229,19.806328773498535
19.922972783,19.921029090881348
19.987667675,19.986345767974854
20.140722131,20.139235973358154
20.226804527,20.22551155090332
20.337115982,20.33565664291382
20.421825752,20.420241117477417
20.523556594,20.521432161331177
20.634517987,20.63309121131897
20.740309563,20.73916268348694
20.831019083,20.829561233520508
20.920259353,20.918192148208618
21.030041684,21.028707027435303
21.096501324,21.09555697441101
21.224581613,21.223305702209473
21.32571731,21.324219226837158
21.425272827,21.423749208450317
21.526727396,21.52524495124817
21.637683053,21.635943174362183
21.747577004,21.746111631393433
21.824208137,21.822959423065186
21.915862148,21.914355278015137
22.04212639,22.040870428085327
22.123668652,22.12241816520691
22.214849172,22.21370267868042
22.321000112,22.315399646759033
22.427692843,22.425935745239258
22.522161361,22.52043342590332
22.630239134,22.628901720046997
22.71671311,22.715105533599854
22.830807957,22.829226970672607
22.928376218,22.92581605911255
23.026615251,23.02531409263611
23.121246554,23.11993956565857
23.227667554,23.22612237930298
23.313425378,23.312422037124634
23.424918972,23.42373275756836
23.520070621,23.518901109695435
23.617046907,23.61567258834839
23.729065807,23.727739810943604
23.840225705,23.83899164199829
23.926809346,23.925493717193604
24.026004451,24.024192094802856
24.141349587,24.13998556137085
24.224616076,24.222496271133423
24.33774374,24.33651328086853
24.409023001,24.407921075820923
24.49884109,24.497570991516113
24.623498655,24.620818376541138
24.685380633,24.684565782546997
24.827956157,24.826104879379272
24.929613673,24.928411960601807
25.036246545,25.034761667251587
25.139497392,25.138235569000244
25.231276211,25.229978561401367
25.316718416,25.315570831298828
25.417169836,25.416481733322144
25.50937769,25.507835865020752
25.618776958,25.617513179779053
25.736298263,25.7348735332489
25.829419176,25.828038692474365
25.92037322,25.91898536682129
26.036147405,26.03347945213318
26.163924678,26.162227869033813
26.194206943,26.19305396080017
26.328797228,26.32732582092285
26.424249165,26.422834396362305
26.551419262,26.549894094467163
26.592281299,26.590879201889038
26.703495578,26.7021484375
26.830207373,26.828857421875
26.928172354,26.92653799057007
27.025318218,27.023836374282837
27.146697772,27.145241260528564
27.244069243,27.242857694625854
27.337160589,27.335452556610107
27.421980309,27.420802354812622
27.539154022,27.537579774856567
27.643687488,27.642232179641724
27.71102675,27.710041761398315
27.824445798,27.823477745056152
27.93091457,27.929776906967163
28.083399648,28.082059621810913
28.128482994,28.12737202644348
28.226155096,28.224565029144287
28.379379212,28.37790036201477
28.424993849,28.423691511154175
28.530192901,28.528998136520386
28.641868962,28.64030170440674
28.737614489,28.735944032669067
28.82364247,28.822367429733276
28.923572752,28.92212963104248
29.026760868,29.025883436203003
29.124774888,29.123683214187622
29.242798969,29.241593599319458
29.33497446,29.332075595855713
29.470174999,29.468554735183716
29.534966758,29.533753871917725
29.646925295,29.645764112472534
29.695346769,29.694222927093506
29.842518758,29.841219186782837
29.921825483,29.920902729034424
29.990044568,29.98895788192749
30.135751188,30.134415864944458
30.24199512,30.240665197372437
30.338889434,30.337186813354492
30.442391748,30.440811157226562
30.534494017,30.533387184143066
30.632555313,30.631303310394287
30.722422711,30.721251964569092
30.835153049,30.833923816680908
30.931953752,30.93072199821472
31.034869567,31.033942699432373
31.096364019,31.094841241836548
31.234203013,31.23244071006775
31.320834927,31.319600105285645
31.437275907,31.43606996536255
31.537295586,31.536230325698853
31.624270853,31.623159408569336
31.73580668,31.734303951263428
31.84413784,31.842543840408325
31.937932858,31.93659782409668
32.042400233,32.041128396987915
32.142113783,32.141093492507935
32.209900391,32.20888876914978
32.342576129,32.34123373031616
32.46807133,32.46675777435303
32.525511654,32.52435898780823
32.645050076,32.64396810531616
32.751466084,32.74768400192261
32.849545668,32.84809112548828
32.943974303,32.94235873222351
33.036699101,33.035244941711426
33.140881403,33.13933873176575
33.246686346,33.245591163635254
33.326644427,33.32539367675781
33.430764736,33.42951035499573
33.558665256,33.55730605125427
33.648742762,33.64744567871094
33.725224069,33.72324562072754
33.845438396,33.84400677680969
33.940946322,33.93956255912781
34.032411333,34.03102993965149
34.135483755,34.13363552093506
34.232600687,34.23116374015808
34.340952487,34.33986949920654
34.417530115,34.416264057159424
34.522959539,34.52151894569397
34.649982747,34.64852738380432
34.697496849,34.69618535041809
34.834054464,34.832671880722046
34.926822997,34.925307512283325
35.022849448,35.021472692489624
35.134757008,35.13340353965759
35.242075739,35.24069952964783
35.339789415,35.338475465774536
35.440011253,35.43898367881775
35.51239892,35.51148700714111
35.642518088,35.64080882072449
35.76228095,35.76098966598511
35.848190146,35.846694231033325
35.931011181,35.92969012260437
36.066544384,36.065171003341675
36.153706427,36.152533769607544
36.231353804,36.23022675514221
36.340733773,36.33950114250183
36.435900247,36.43460011482239
36.536145421,36.53449845314026
36.618881322,36.6178503036499
36.741092564,36.73951983451843
36.81589776,36.81475853919983
36.963694445,36.962676763534546
37.067813703,37.06631851196289
37.125980149,37.12465786933899
37.249338267,37.24797320365906
37.330673023,37.32966661453247
37.437710011,37.43674349784851
37.503003972,37.50215673446655
37.651324615,37.65032339096069
37.732035682,37.73035979270935
37.831627604,37.830143213272095
37.9598862,37.9585907459259
38.047759232,38.045976638793945
38.154252515,38.152700901031494
38.264001694,38.26265811920166
38.337275778,38.33564114570618
38.40749403,38.4060332775116
38.537172795,38.535738468170166
38.659854728,38.65839862823486
38.721971235,38.720569133758545
38.820572631,38.81957769393921
38.946931063,38.94521450996399
39.060268797,39.058595180511475
39.110621668,39.10704207420349
39.216242297,39.21438121795654
39.311146351,39.30948615074158
39.410447158,39.40905165672302
39.518504634,39.51697897911072
39.652163784,39.65070128440857
39.702088758,39.70079326629639
39.852372115,39.85164022445679
39.928679632,39.92773222923279
40.028474189,40.02750277519226
40.151926439,40.1503746509552
40.213471926,40.212279319763184
40.343526151,40.34225535392761
40.46522589,40.46353077888489
40.551258165,40.54584884643555
40.660904381,40.659008502960205
40.735146883,40.733932971954346
40.804129098,40.80251145362854
40.938617761,40.937241315841675
41.027188543,41.02593946456909
41.151420975,41.15080523490906
41.247618535,41.24630689620972
41.342174292,41.34080505371094
41.420753783,41.41938090324402
41.54648137,41.54519033432007
41.64032706,41.638794898986816
41.7589624,41.7578821182251
41.835463139,41.83402895927429
41.93709647,41.936055421829224
42.057071786,42.05601930618286
42.136260385,42.13504719734192
42.199288056,42.19807457923889
42.338789902,42.337284326553345
42.462150696,42.460938692092896
42.54611479,42.54492402076721
42.636417545,42.63515520095825
42.709907501,42.70887899398804
42.838196827,42.83715510368347
42.923880255,42.92260265350342
43.062520088,43.061269998550415
43.14664848,43.145235776901245
43.223028994,43.22014904022217
43.326167437,43.32509922981262
43.400079424,43.39900517463684
43.555930809,43.554680585861206
43.641251554,43.63988375663757
43.716007619,43.714924573898315
43.819689033,43.81814885139465
43.970608717,43.96923589706421
44.066053316,44.0645592212677
44.140726406,44.13931179046631
44.230778904,44.2295343875885
44.30466406,44.30353140830994
44.430970016,44.4294970035553
44.568605703,44.56691527366638
44.671836516,44.66922426223755
44.710605174,44.7095263004303
44.819609559,44.81806445121765
44.949827078,44.94848108291626
45.081894303,45.08019661903381
45.15769966,45.15672254562378
45.241257559,45.24000811576843
45.331330359,45.329423666000366
45.42899001,45.42758798599243
45.545233702,45.54375982284546
45.648804862,45.64767837524414
45.759587596,45.758336544036865
45.811942437,45.81079387664795
45.967906241,45.96685814857483
46.062421109,46.061339378356934
46.108730631,46.10737204551697
46.234625271,46.23210096359253
46.363478113,46.36219930648804
46.464396821,46.46301531791687
46.517845982,46.51667857170105
46.60550548,46.60431504249573
46.771456491,46.77026653289795
46.859118147,46.856754302978516
46.913883167,46.912347078323364
47.008769015,47.00758624076843
47.135588499,47.13409185409546
47.243756241,47.24222254753113
47.347276105,47.345924854278564
47.456744567,47.45540714263916
47.560336027,47.559126138687134
47.639858786,47.63866138458252
47.72954915,47.72801160812378
47.81201918,47.81063723564148
47.946307681,47.94541883468628
48.024857504,48.02380561828613
48.148591369,48.147292375564575
48.27284682,48.26984143257141
48.365917286,48.363805532455444
48.452660666,48.451549768447876
48.519108726,48.51784086227417
48.64222979,48.64105272293091
48.754028242,48.752798080444336
48.806390546,48.80547642707825
48.968830243,48.96763515472412
49.069409684,49.068212270736694
49.156691564,49.15471792221069
49.214446338,49.2133469581604
49.357945917,49.35671424865723
49.466587819,49.465160846710205
49.534417371,49.533183336257935
49.640858668,49.63903045654297
49.702679703,49.70178437232971
49.894590484,49.89436721801758
49.912202253,49.911978006362915
50.038832626,50.03852725028992
50.161715944,50.16146183013916
50.256838947,50.256407499313354
50.315767505,50.3155300617218
50.440656804,50.440269470214844
50.593833283,50.59327483177185
50.658353476,50.658068895339966
50.729184233,50.72884511947632
50.852283003,50.85192584991455
50.966450321,50.96622443199158
51.003526804,51.00325536727905
51.124960416,51.12471008300781
51.232229114,51.23198056221008
51.349876276,51.34958243370056
51.444379224,51.44407773017883
51.53873338,51.53830051422119
51.643994179,51.643192291259766
51.785440954,51.785112142562866
51.841149934,51.839457750320435
51.914237699,51.91386938095093
52.020503459,52.020055055618286
52.119849577,52.119422912597656
52.226361008,52.22594952583313
52.37118647,52.368178367614746
52.447351101,52.44685125350952
52.533851079,52.533498764038086
52.606291479,52.60605835914612
52.738876653,52.73822069168091
52.821129711,52.8206844329834
52.954188072,52.95400547981262
53.005165723,53.00424337387085
53.157925238,53.15742874145508
53.243004273,53.24232196807861
53.329746128,53.329291343688965
53.416943285,53.41674494743347
53.647278041,53.64679980278015
53.708437837,53.708043336868286
