0.0,-0.05422258377075195,0.005685179477780826,-0.03386780584107071,0.028837621774841737,0.0019783513585414293,0.008173113872113731,0.00340131814351423
0.112704283,0.0462191104888916,0.005183387210817024,-0.03686961763228052,0.02864499513080135,0.00028323845672947813,0.0012871129561882262,0.0019618424796744817
0.217637049,0.14621615409851074,0.0053232372696466294,-0.03860734363093478,0.027773542553137638,0.000496202737889933,-0.002021472242148117,-0.0007392260375303811
0.319737151,0.24570035934448242,0.005357107850761398,-0.03924364032997093,0.027864698540893542,0.0005597623479807019,-0.004187347306455818,-0.0016583799577744298
0.41993875,0.34569883346557617,0.00533278337430513,-0.041754820042536875,0.02778715182309635,0.0005424730112617923,-0.008522815172841546,-0.0015977353073234582
0.509582033,0.44544339179992676,0.0050712719597724824,-0.044265167652683006,0.027522914389423718,-0.00043531467986933017,-0.012282712794804092,-0.0028520720130753036
0.620953872,0.5451114177703857,0.0047105065721628585,-0.04346354587367933,0.027688365642070736,-0.0019537372886399332,-0.009440070899291402,-0.003049447085923131
0.72540568,0.6457140445709229,0.005141553595345571,-0.04404473855425693,0.0277216514063525,-0.0007844631468754415,-0.009652360257425118,-0.003949201508341193
0.803420696,0.7454860210418701,0.004312362322372415,-0.04308963924418482,0.02792100776305556,-0.0027502459267698858,-0.007083923151650137,-0.004269717786166519
0.903340957,0.8454015254974365,0.003590018784966471,-0.04412001736050895,0.027325895448278494,-0.003746749897398906,-0.008199061007189742,-0.006325179086954473
1.020199385,0.9453465938568115,0.0037585820261954923,-0.04397138915008399,0.027455602063528976,-0.002546215122749083,-0.006316188221185892,-0.004911415374184656
1.107932807,1.0452830791473389,0.003513277041203381,-0.045261824696337424,0.027621380046095087,-0.0023509775922010297,-0.007285626666935331,-0.003077791733994205
1.196535768,1.1457834243774414,0.0034760936620891604,-0.045455864331073195,0.027654353672622946,-0.0017379984341346557,-0.005371801919246502,-0.001282456027510402
1.315786326,1.2456660270690918,0.0030793979272397717,-0.043304047407094974,0.028496525166608368,-0.0020840255845002405,0.0005377413655482423,0.0027959795483053764
1.406668341,1.3457391262054443,0.0037090251370728,-0.04550145434287469,0.028848745804950192,0.0001035340164273414,-0.0026972061012668544,0.004315134812481357
1.506745048,1.4457077980041504,0.004105533698606887,-0.04210988796806083,0.02889106534634965,0.0010742621975167463,0.004608628756722273,0.005228038308950146
1.60380109,1.545703411102295,0.003604656046563091,-0.04264382549359637,0.028316688521359934,-0.0008181019005943954,0.0026627534627728837,0.0026146718411855507
1.688586011,1.645583152770996,0.003562144013710203,-0.042484983996052966,0.028275012036105898,-0.0008226622550926848,0.0028043581780153384,0.0019695901071435143
1.776919005,1.7456724643707275,0.003718263706721476,-0.04043082167461119,0.028388591064887225,-3.679384310396945e-05,0.005577065188975654,0.0019728659214620975
1.921289684,1.8455069065093994,0.004354632691061505,-0.04048716394831461,0.028260541724296987,0.001858120101743732,0.005020681789818217,0.002727961062455324
2.009803704,1.945845365524292,0.004506370523548534,-0.03917830325422473,0.02881466778203047,0.0016223787743877974,0.007332924578273565,0.005787641839370108
2.110534257,2.0455219745635986,0.004472745683226128,-0.038193264504727036,0.02890951849393144,0.001099604993127168,0.007694932492559534,0.005462689830107615
2.22120994,2.145782470703125,0.004811458661865397,-0.03813617375974158,0.028730560849356202,0.001624881523181027,0.0063018494300377806,0.003661390646830737
2.302574107,2.2456536293029785,0.004179285786475148,-0.03615159096582709,0.02890427750539279,-0.0007923266563854988,0.008359279545433399,0.002911716435703712
2.403814259,2.345759868621826,0.004588607912146717,-0.036061094663881466,0.028887764645553406,6.412793430039481e-05,0.006293356695465689,0.0004668194156933677
2.498961108,2.4455924034118652,0.0042551422452544825,-0.03436945322385084,0.02885392564717555,-0.0010186940797659162,0.007171753166800503,-0.001712303182842877
2.610262957,2.545427083969116,0.003496843933640449,-0.03687802217354628,0.028183307268084348,-0.002678283661356414,0.0007129928055373701,-0.00514099444596747
2.728969615,2.646570920944214,0.003540638930994798,-0.03609125248438816,0.02797451489144305,-0.0019228450956571789,0.0011220736106282584,-0.006214447914770253
2.824610283,2.7455861568450928,0.003638739838035478,-0.036837398409138175,0.02804877571288953,-0.0010143938586249155,-0.0006846285540339891,-0.0048833140893571585
2.913485078,2.845674514770508,0.00434753950496583,-0.03881564263315771,0.0276389579530619,0.0011637145179802576,-0.004199346744605446,-0.005775846802612936
3.021196868,2.945469617843628,0.004907623534011662,-0.03894818863928989,0.027447390783521593,0.0019626685113515534,-0.003246507628054004,-0.004933365825659458
3.112818256,3.045753240585327,0.004476816914196968,-0.039967418794849704,0.027567655415475307,0.00033065145745186475,-0.004366363713188477,-0.0026279172565391072
3.214025085,3.1457996368408203,0.004531984089436429,-0.03946054941118559,0.027890413018428317,0.0005760774036239709,-0.002144026126225188,-0.0013579613370545429
3.339873546,3.245717763900757,0.004369144121649778,-0.041953285599975236,0.028054853943247447,0.00040861821653998437,-0.005037038842431442,0.0005582907209204577
3.405070218,3.3458127975463867,0.004663869176652775,-0.04209203955856553,0.028257359402028257,0.0012837536912185894,-0.0033323657542343814,0.002204837542567075
3.521587622,3.4458181858062744,0.00432883476234212,-0.04230719849518797,0.028483792677473616,0.0003488477354170805,-0.0024357969712327193,0.003425511081158144
3.61882238,3.5458197593688965,0.004660286217474634,-0.043048998301823356,0.028778300487824683,0.0012917140184673633,-0.0023821905693544965,0.00463953531550183
3.710134343,3.6456971168518066,0.004747182917494432,-0.0419303375225418,0.02881103150090688,0.0011113905831965744,0.00102223855506003,0.005120871279268143
3.809542432,3.7445759773254395,0.005301118280203222,-0.041018162421238825,0.02877891608118736,0.002210949509152549,0.0028601909216944797,0.004775855671839311
3.919962397,3.8442840576171875,0.005117456417417104,-0.03938240631862658,0.029159218783182915,0.0012782538412320537,0.005462197965473263,0.005588313664712379
4.014202259,3.945619583129883,0.004749036805540568,-0.03936870383773159,0.028422244962310307,0.0002478392074004332,0.004705303946507215,0.002333840110614314
4.109210424,4.044289588928223,0.005208482409881456,-0.03813942722545165,0.028215769591036204,0.0015732244505078645,0.005902882966672996,0.0007001718617849796
4.218585042,4.143959045410156,0.005105141000650885,-0.03947851980059737,0.02810607233877049,0.001048168834026559,0.0013922143856491076,-0.0010727893181555043
4.322837106,4.243830680847168,0.005714812657099975,-0.041218395158770425,0.028147801365920867,0.002370243287288411,-0.002805417932692731,-0.0012090037642935266
4.451339416,4.34590744972229,0.005711883789724205,-0.04141080066231012,0.028291401301269763,0.0013156244638169213,-0.003193833500739425,-0.0012725337469025853
4.505731406,4.445831060409546,0.005667077288312085,-0.04059154905739076,0.028305616985110436,0.0004665083461133244,-0.0017895003923830677,-0.0021734271584632346
4.665779305,4.544632911682129,0.005834932892921288,-0.04017445012891337,0.028388476636596667,0.000818577864710159,-0.0010300478886835292,-0.0016261474273254204
4.701623757,4.646046161651611,0.005906461755477552,-0.0416901621838483,0.028153758687460652,0.0022953651966444197,0.0002288984677815453,0.007283515260410584
4.836639701,4.74601149559021,0.0054349825901683045,-0.04070163864651785,0.028905021885521874,0.0003793548351160945,0.001194498275010776,0.005132961875207734
4.906162047,4.845997095108032,0.005358175502958222,-0.04140396184766995,0.028777841342384466,0.0004106967930653047,-0.0011699641117406785,0.0012629062983752913
5.020738356,4.945993661880493,0.0054402261310596495,-0.04268871806567266,0.02847238786723291,0.0006912109753116867,-0.003937784526648826,-0.0016224897592220773
5.122860994,5.046077251434326,0.005800450594400313,-0.04199213433245611,0.028527350636200512,0.0012398918182894376,-0.0019562271434125054,-0.0013010117995936907
5.234830196,5.146016359329224,0.005770673126587999,-0.04115465627739019,0.028561588382945733,0.00039223685734582716,0.0001990645236784977,-0.0011816648003076884
5.314159098,5.246184587478638,0.005754999599939467,-0.040516217681137355,0.028419401536765494,6.976334135425326e-05,0.0021678581607613347,-0.0011409216329654795
5.432521966,5.346069574356079,0.004717703813634598,-0.04083260661024748,0.02750278325800877,-0.0025189560928403003,0.0023203982291612898,-0.002469553633083578
5.52351681,5.4460155963897705,0.0043417065638352535,-0.040131784387843344,0.028190074251683617,-0.002622748146425569,0.004160212448856436,0.00217795227150119
5.627511123,5.546125888824463,0.004420379558793194,-0.03997690358811841,0.028711316250814214,-0.0016204322642864998,0.004501780081474236,0.005245667130084746
5.721732615,5.646155834197998,0.004324409477195103,-0.04129384785664939,0.0284890687024614,-0.0009652761483251972,0.0017904609888934062,0.0046596333061661895
5.836966377,5.746060132980347,0.003866179907293277,-0.04040276450654684,0.029138290467774428,-0.0016447503459976684,0.003357781636809312,0.006646140474039778
5.925224077,5.8461384773254395,0.004285768981188833,-0.04233440853740399,0.02942456705201969,-0.0002315535784768353,-0.000769206040984504,0.006447333789635637
6.022300944,5.946226119995117,0.004247746813766566,-0.04336286599198357,0.029229732142765464,-0.0003080974574037604,-0.0022292802170625313,0.004628148448719648
6.098817849,6.046143054962158,0.0033337623495691302,-0.04382078945526596,0.028299243491978883,-0.0028727382779073496,-0.003189236790746751,-0.0008249330417674913
6.200405503,6.146082401275635,0.00373582700226771,-0.043724392469082454,0.02864915212200709,-0.0010020821864023756,-0.002976731486328569,0.00016567771295234677
6.314599936,6.246298313140869,0.00421295425632899,-0.04399542656396594,0.028372821930928768,4.9841821314101e-05,-0.003472562223799859,-0.0009959871103847895
6.414346961,6.3463215827941895,0.0033902436073659126,-0.04371017500049373,0.027946401092212653,-0.002323853157834276,-0.003319303120739901,-0.003219956552473339
6.524248825,6.446154832839966,0.00343918623943162,-0.04283942843426345,0.02842672450120232,-0.0018721539166616466,-0.0022603921016106135,-0.0021908773114395898
6.621200229,6.5462586879730225,0.0038387277646471708,-0.0441226527097784,0.028486146710704006,-0.00061660277580445,-0.005021771088299126,-0.0032379900178112976
6.716727726,6.646236419677734,0.0039179707111526045,-0.045490520143330354,0.027638387771324838,-9.983945761420257e-05,-0.007324494453918909,-0.006975767832994201
6.802412797,6.746278524398804,0.004056253321571752,-0.04546916669465375,0.02734860502283212,0.00015946459615705707,-0.006286005385188596,-0.007191750751961583
6.911277339,6.846235513687134,0.0038991989045515235,-0.04506760933256119,0.02770273841890787,-0.0006179114981618964,-0.00440459335792218,-0.0048430815976989935
7.00832588,6.949070453643799,0.004216716222789532,-0.04418108685455725,0.027715621720303396,0.00023295582176767533,-0.002539656997066292,-0.004250914477936633
7.089181069,7.046386480331421,0.004023845360292016,-0.043183702153243846,0.027254034041006073,-0.00017855389748641285,0.0005317644243262145,-0.0044066841977325735
7.200542487,7.146301507949829,0.003889510650543571,-0.04181040423848555,0.027964274143038686,-0.000401660891671884,0.003559753650206202,-0.00013491177663671935
7.302364292,7.246393918991089,0.0038449925384306167,-0.04154680881837849,0.028012463557076046,-0.00020512819851220708,0.004406560507993132,0.001103717221813145
7.398419274,7.346352815628052,0.004304983584186572,-0.04118439839467192,0.028038156435298254,0.0016166277114609776,0.005531013098216468,0.0034375860731174395
7.610168665,7.44634747505188,0.0045812379487908264,-0.042056941748505515,0.02819053625551123,0.0021171731778316565,0.002958615465047178,0.0029117388605124136
7.633659842,7.546445369720459,0.0041882730876565705,-0.042100875268810664,0.028692254128155004,0.00018926974396845996,0.002257376895590001,0.0038011580763389207
7.700644009,7.654432058334351,0.004678558176781684,-0.04170319264907352,0.028299662035187786,0.001159156209337415,0.004214077229663604,0.00591039097753363
7.791483473,7.746325254440308,0.00429610631246638,-0.040882689089045667,0.028569237433612418,0.00015383743721297937,0.0064663852451715435,0.008253203398914803
7.907245081,7.846505165100098,0.005073439706538162,-0.04191528294525083,0.029209324830617004,0.0024676319816309515,0.0038530932984796595,0.009450240439407485
8.025757082,7.946461200714111,0.005769739444137069,-0.038801227693025346,0.029006383573957482,0.0038983185219922194,0.00885925485858143,0.0067290116167347995
8.131689493,8.046398162841797,0.005371588410922084,-0.04009691726770411,0.029283450161958154,0.0021446475308284202,0.004945106691458118,0.00601765588168073
8.22319692,8.146570682525635,0.005627879655798843,-0.038473241145272355,0.029045349105753206,0.0019583317525243673,0.006687736502694625,0.0025986193056708657
8.311860976,8.246593236923218,0.0060178011193564316,-0.040259373202791465,0.029266366725935605,0.0021348918561802563,0.0016901720216440559,0.0011436914489838153
8.408899018,8.344523906707764,0.005825045517838563,-0.03823970469594543,0.02867695821217039,0.0008352061009427226,0.00473503242992063,-0.002936438663035944
8.51212354,8.446626901626587,0.00464321140693745,-0.03911403334439676,0.027968165876226185,-0.00251360254052252,0.0015788818326317945,-0.006718668264616586
8.613235194,8.54653811454773,0.004683967392139394,-0.0371995706060132,0.027965911131172444,-0.0017598977114035672,0.004044918028569123,-0.006493801199669508
8.712189851,8.646491050720215,0.004661942537605863,-0.036838762616277755,0.02746146097286912,-0.0013656864671433492,0.0034884141298777292,-0.007671273415096555
8.779499541,8.746623277664185,0.004439834390257211,-0.037648792627212255,0.027286837024275826,-0.0014902891448162257,0.0011275394700355392,-0.007833088670652608
8.904329643,8.84664797782898,0.004935949749810646,-0.03780716958964555,0.02764456246685603,-9.063784896675261e-07,0.0011155161901091346,-0.004505323024210703
9.024657385,8.946780681610107,0.005292916755270084,-0.038138026074494104,0.027468382297410804,0.0005680211772350337,0.00034186591162658884,-0.004803718067836632
9.125108979,9.046699523925781,0.005574206317218508,-0.03731470230218954,0.027664921050741847,0.0009187427483628506,0.0026327447428450374,-0.002232163136931882
9.221552544,9.146683692932129,0.00525565447989634,-0.03898833217564789,0.02746641942292787,-0.00018331386837522811,-0.00019105072965486022,-0.001912400322909297
9.290927188,9.246766328811646,0.005532293497298628,-0.04049573891382045,0.027660989358879503,0.0004587493644348093,-0.0019531884300078178,0.00011438666819099391
9.418985976,9.344997882843018,0.005238493463183891,-0.039832686618306745,0.028257110127748675,-0.0003683944566076093,0.0003862593392371353,0.0030232487881230413
9.517377993,9.444600343704224,0.005374943884082701,-0.039983063322439116,0.02889305480350084,0.0002942392213405935,0.0002293195996950867,0.004949859862740496
9.611325869,9.543349981307983,0.005298120786541945,-0.03959077020049047,0.028846302226566877,0.0001896956055571241,0.0014533053583084049,0.005008692935720456
9.7028786,9.655681848526001,0.005592125266211989,-0.03797949040862788,0.028725265921076906,0.0006467902730934293,0.0033722092978770565,0.004668629323757465
9.811596242,9.745667219161987,0.005281167927387757,-0.03837073247463976,0.028708883098425685,-0.0005355699992797724,0.0016830242570267328,0.0036757137119767113
9.899005424,9.845664262771606,0.004563763490135426,-0.04043796762592456,0.028598164472907982,-0.0021078406302609816,-0.001860621687905745,0.00364389148675088
9.98562819,9.944909811019897,0.004607682651127264,-0.039757800558533576,0.028711397588244314,-0.0017756867689688162,-0.0005050918445507018,0.0025148304090414106
10.087508617,10.046688795089722,0.004724029112246396,-0.0382393504952195,0.028623601903300214,-0.0010543008699973881,0.002428011925190738,0.0012939138360673953
10.218198072,10.145679950714111,0.004700644681608708,-0.03920108259917935,0.02900027984211395,-0.00047611842016014825,-0.0007042673663309997,0.0007147168239332477
10.326212258,10.245487213134766,0.005255870725583864,-0.04029291288187554,0.028495484961670123,0.0009552651489545842,-0.003392607876494489,-0.0028020072033514824
10.406073055,10.343237400054932,0.004920505863606129,-0.03978700110149451,0.02849910383408617,1.8423585190151287e-05,-0.002478732304822191,-0.003682703208635162
10.511519253,10.44538426399231,0.005012051709779524,-0.03875294396252808,0.02842908788235387,0.00035073645248390634,-0.0005703945139733731,-0.003804951455449246
10.611122593,10.5453200340271,0.005458005512141668,-0.03909300272566249,0.028240468712777335,0.0012761972217819407,-0.0020049792051802322,-0.005500538759840192
10.722397982,10.645413398742676,0.005576659354711958,-0.037915287173709164,0.028169367397145668,0.0009536656184612284,0.0003414892808553108,-0.004493231597042534
10.807554696,10.74585223197937,0.005435109806962282,-0.039361112696141794,0.028246306948894077,0.00029961196746006565,-0.0023225567644105027,-0.0034949838436304243
10.934942569,10.845288276672363,0.004703374985512021,-0.04103958917154345,0.027791985991256457,-0.0016284806672065984,-0.005019626408927803,-0.0049313016536482535
11.055255749,10.945155382156372,0.004461697628301004,-0.0419044234608484,0.027360315116497152,-0.0027549588917970187,-0.007523639258407587,-0.00825027267583462
11.104344153,11.047022104263306,0.0046509347320584,-0.040905413898208946,0.027239148296064233,-0.0020459824384477274,-0.005043822015944194,-0.007848842490983422
11.220470492,11.145622968673706,0.004468652861836659,-0.04171841519531784,0.027540306818920467,-0.001932520261109538,-0.005461202685315084,-0.004139020239982304
11.323108141,11.245807647705078,0.004123249356670343,-0.042827031541085483,0.02721725083614308,-0.0014458066709209635,-0.0030905400851367957,-0.002961485285323552
11.431972586,11.344761848449707,0.0044596599312035,-0.04284424231591876,0.027560578711717576,-0.001969636863362349,-0.00543813652700342,0.00026511102989570625
11.523500602,11.4459969997406,0.004619166167906373,-0.04114992602726371,0.028109574334246473,0.0023242957846425815,-0.0013107902272889928,0.00333653383310789
11.61268512,11.54594373703003,0.004853331191620109,-0.04222805819683501,0.028241969211415488,0.002363631658679168,-0.0033639190104792103,0.004247465461104421
11.724800106,11.645964622497559,0.005302356079195904,-0.04087775215329975,0.028221521416259623,0.00239998340134238,0.00134463729222342,0.004964187672048362
11.821581652,11.745790004730225,0.00555982947305785,-0.04138372685090816,0.028281529968492893,0.0023821604125573667,0.0018570268622950456,0.005451517620100595
11.913478378,11.846004962921143,0.005542048980153108,-0.04393836488518298,0.02870959471858819,0.0011098461589047748,0.0007623357841571182,0.0069239793658429725
12.016508031,11.945495128631592,0.005239365256897785,-0.04436748293314377,0.02875780498662119,-0.0010134753277057952,-0.0010726967729696554,0.007135200569044599
12.104046176,12.045292139053345,0.005359686249992502,-0.04180567938666922,0.028922039694744113,-0.020363160105725826,0.011708940177937442,0.004986272397291632
12.209357234,12.146015405654907,0.003850637291035618,-0.03979397994718814,0.03017626213518429,-0.021858343278929753,0.01227634122275048,0.01599007800798637
12.292604235,12.24495530128479,0.0022631703964920646,-0.04110796964497793,0.03046800868875046,-0.0213618006575669,0.00836103776177993,0.012193436632047241
12.404158182,12.344876527786255,0.001625793670423487,-0.04019971595653143,0.030801276273372598,-0.015362193055620506,0.005410767370684553,0.01182459706470702
12.525426847,12.44615125656128,0.001651371811448977,-0.041438906459465304,0.030942725305859405,-0.012339560757210623,0.0006862576646269725,0.006426985733124913
12.610899723,12.546062469482422,0.001505218860801369,-0.04318840049510399,0.030945086150960623,-0.012330780192614625,-0.003922464640817496,0.004984526566816566
12.723421718,12.64625334739685,0.001218497606869068,-0.04449380871286142,0.0309005806831641,-0.013852201346785406,-0.015532312631778136,0.007529121955382255
12.812416868,12.745692253112793,0.0007170544849469979,-0.04665092913366416,0.033248383833341694,-0.014705307387596072,-0.05924623893936763,0.06273267466874761
12.906540688,12.84604811668396,-0.0006383812228935167,-0.05304226243620927,0.046639536946740785,-0.0034799398858789002,-0.06926497165090338,0.22637547095703614
13.013106014,12.945406913757324,-0.0006719983769111915,-0.06100763257557744,0.08029898189925758,0.009349912683774981,-0.09240707834988533,0.43447766046567937
13.124964999,13.04546856880188,-0.0012806844171736997,-0.07274858407943562,0.13020125859495352,0.006652003788534686,-0.11637476757594668,0.5294586507728105
13.210746514,13.145219564437866,-0.0033237558564982346,-0.08473622803893187,0.1848967486536331,-0.0023162751521490902,-0.11509300607045808,0.5430462976988064
13.309508578,13.24575161933899,-0.005309640345111871,-0.09673181880439395,0.2395605164769433,-0.004858378328439557,-0.09948308342122306,0.5464999691304854
13.392834322,13.345794916152954,-0.006781095171253798,-0.10163046664494536,0.29167649977921756,-0.007305638870539771,-0.07226365860275584,0.5275144958956108
13.517857793,13.445200204849243,-0.009117318563324362,-0.10320585079300938,0.34141852582165727,-0.019241011282995293,-0.03534610002271353,0.49613082465584735
13.608588104,13.545729398727417,-0.010707456559962771,-0.10388940553400779,0.38847371107242984,-0.019462425275807795,-0.006816580594968491,0.4634655301624784
13.720154335,13.6452956199646,-0.013901006626500848,-0.1056099938205074,0.4321199929211118,-0.023822071094702583,0.00914010271679637,0.43181917249430574
13.799272389,13.742384195327759,-0.017364902616981637,-0.10332586400238333,0.47128934862547583,-0.027067122790945617,0.02505795929968018,0.3959977599846447
13.910610823,13.845733404159546,-0.021310814423953724,-0.10254834815469964,0.5096360682749386,-0.029120729596478746,0.03523732135997331,0.3624163543794817
14.003614796,13.945580005645752,-0.02453977107606584,-0.10178781910626603,0.5440294523045838,-0.02612534825305412,0.04128464384367927,0.3309741766855039
14.147649216,14.0452299118042,-0.026827783382028556,-0.10008508952596308,0.5763271808195448,-0.021448649381341955,0.04392362125038984,0.3038535376085044
14.179730116,14.145820379257202,-0.03088003079771429,-0.09634615873605896,0.6055416813330754,-0.024766224198936208,0.04459703782827089,0.2829781814129812
14.306449297,14.245734453201294,-0.034022439529461206,-0.09428725673795449,0.6323796536614564,-0.028033038959544947,0.04121903657139257,0.2615543424757266
14.408248834,14.34584093093872,-0.03766450110777214,-0.09399175937191229,0.6583781257530741,-0.03133525934226733,0.03010461502612555,0.24376624110512635
14.511004767,14.445553064346313,-0.04149039209323088,-0.09368411142288795,0.6819431040277874,-0.03401604741837965,0.020443449949079467,0.22852085727726099
14.610248804,14.545779705047607,-0.044467523654079674,-0.09245400469606935,0.7048207072516322,-0.03322961753960556,0.01413017634586467,0.21664223141549957
14.704491892,14.645641326904297,-0.04823977320941834,-0.09354479687671838,0.7256156584673791,-0.032092722207999476,0.010907437694777691,0.1965431721512941
14.811396788,14.745754480361938,-0.05293934775230803,-0.0946901814969851,0.7453686685959339,-0.03570479135115228,0.0016683670901322248,0.18402376868158213
14.911557533,14.845777750015259,-0.0568987350665961,-0.09607620848214035,0.7633769027709375,-0.03830843747871671,0.0026626338462555706,0.17516373555135437
15.014132502,14.945728778839111,-0.06108879675714806,-0.0959516623226803,0.7808184486964983,-0.03951490069285176,-0.001022708978285932,0.16705817265133394
15.125954503,15.045563459396362,-0.06442147134409758,-0.09892128317524375,0.7975398128682829,-0.03577819466631282,-0.007628334899823117,0.16565940726779538
15.222580695,15.145732879638672,-0.06808570233868359,-0.10208479256252954,0.8138285305544499,-0.03460934126685228,-0.006924833581488472,0.15845709610090997
15.321355592,15.245611667633057,-0.07062696468122595,-0.10249472806059465,0.8296780413476217,-0.029196004315637087,-0.003373093862776019,0.15733158333570713
15.420893633,15.345737218856812,-0.07260218592331126,-0.1034430301348349,0.8455014684601793,-0.022392587484970104,-0.001371960790002648,0.15945851994136745
15.51969151,15.445701122283936,-0.07408830224416359,-0.10451256207487718,0.8616446699844023,-0.014425486047565939,-0.0021521342680309347,0.16117559178632843
15.589943382,15.54573941230774,-0.07498944713944716,-0.10377973540548391,0.8779545866250992,-0.008938771430029201,0.0037456146663064883,0.15967848926562658
15.710736725,15.645697116851807,-0.07619587226168294,-0.1019780606526054,0.8935958056238572,-0.008567435443680547,0.01094336893048401,0.1558142001779555
15.812008899,15.74566102027893,-0.07628938700445857,-0.10044652142245519,0.907940329728429,0.0003357835416239352,0.01736611206332601,0.14622736935938713
15.915669307,15.845725059509277,-0.0759761590811323,-0.09835517161042548,0.9224896467573523,0.002307047284333621,0.017887249128362454,0.14191494242437722
16.027351338,15.945783376693726,-0.07587727024478741,-0.09538836860916503,0.936326492098065,0.0025295565966394944,0.027483865481418554,0.13628549393397335
16.084349632,16.04569149017334,-0.07522252241168022,-0.09160668683201864,0.9501363364462014,0.004829375681020335,0.031151345786957947,0.12979208710208787
16.213349695,16.14585852622986,-0.07494611547969497,-0.0867408624568292,0.9636550902899641,0.0065197365687466825,0.034875488935150196,0.129204120235889
16.308571286,16.245886087417603,-0.07491160721125131,-0.08647232871952869,0.9765332227536344,0.007203467249212605,0.028899376304146247,0.12412449212509956
16.415350235,16.347206354141235,-0.0748647681327064,-0.08343487163571711,0.9888809763870441,-0.0013890845056953234,0.03590245581145502,0.1137609334823374
16.518741123,16.445865631103516,-0.07470777459289177,-0.08094695163557504,0.9997759571439523,0.0019535545166697353,0.02547545604409697,0.10097057981459917
16.608893458,16.545819520950317,-0.07377572173021925,-0.07815045240162818,1.010404261551815,0.00676603158423064,0.02115126282342876,0.09589838659926644
16.693891771,16.64580774307251,-0.07271729505069849,-0.07708267528789318,1.021105994359151,0.010170875386104969,0.016318629625025692,0.09594938742775999
16.828290726,16.745946645736694,-0.07138210247811787,-0.07572701890124067,1.0313123104604836,0.012955291498037851,0.009755155549757305,0.09023152797291328
16.914169539,16.84583568572998,-0.06981646165090018,-0.07658461302411827,1.040709685860986,0.015684476139735497,0.001452330004882156,0.08806324224056127
17.013460752,16.945798635482788,-0.06760045789396185,-0.07676570146530075,1.049780258193996,0.018970721342104285,0.002657197423639287,0.08457751842911247
17.108990848,17.045830726623535,-0.06477067383749355,-0.07493944907950996,1.0582594508357535,0.023363553236807708,0.0010422983648453621,0.08127904455897109
17.222794016,17.145830392837524,-0.06188289327835856,-0.07363055146971063,1.0666551501642656,0.025761514271015286,-0.0011770963364402033,0.07939426937391439
17.323149065,17.245870113372803,-0.05877789236798613,-0.0771926824184652,1.0738017174700856,0.0317974238845829,-0.010289007743240113,0.06938138204061245
17.4144362,17.34604573249817,-0.055970175342549076,-0.07796498686073747,1.0801559088513584,0.030090382289982186,-0.008002278207365396,0.06749579312419034
17.519649937,17.446043014526367,-0.05296017804369342,-0.07774729305104734,1.0872205921604923,0.02978752537154,-0.006030768091865829,0.06288122108139596
17.620940641,17.546051263809204,-0.05003558833667422,-0.08264850382775055,1.0931790007764386,0.026980772477062456,-0.018082422995704617,0.062211863665786765
17.711306497,17.645971536636353,-0.04785924297938757,-0.08268994229782808,1.0995520301033497,0.02586084222105347,-0.013766469524463467,0.060610140009228326
17.80715038,17.745938062667847,-0.044185668649898174,-0.08215050578488103,1.106240367901584,0.031349230520913894,-0.00871960694816829,0.0649076282103318
17.912383156,17.84606122970581,-0.0413958800092799,-0.08548021915055043,1.1125220802007059,0.02396903687254424,-0.00802502047326846,0.061910098467410725
18.021827079,17.945995569229126,-0.038886746308626007,-0.08489939565218355,1.1181350988972036,0.009690354660577752,-0.00496738462851302,0.0434069368627739
18.115131055,18.046061038970947,-0.03755970885800538,-0.08079487872655011,1.1204723385735158,0.0034733392342290175,0.018186670811928173,0.0017848163814024275
18.221368074,18.14609718322754,-0.037153418527341234,-0.0774082485479838,1.1179928885352417,-0.00884940356465074,0.044576925247844505,-0.030795968744069563
18.374943362,18.246097087860107,-0.03879100967574287,-0.07032344133558206,1.1133174818548885,-0.027624703267149945,0.08830072980384784,-0.038304395756265826
18.438843733,18.3462336063385,-0.041807010554470135,-0.05644935072643429,1.108240482697784,-0.03877296746475785,0.13621104570578607,-0.013866706184485704
18.530492312,18.44623637199402,-0.04719570112026664,-0.03922358034868863,1.1049610891482349,-0.05243084637205378,0.20705717888230837,-0.00011729974687661943
18.619107971,18.546091079711914,-0.05478136746816907,-0.014388767850189074,1.1023234663752841,-0.06793006531278041,0.2929937023600079,0.009186956262241783
18.721963782,18.646081686019897,-0.06365854353919907,0.020081797854550727,1.0988940258141378,-0.07409585820579537,0.377146955467652,0.018122854685426563
18.818818533,18.746161222457886,-0.07202423447658234,0.06206348300435127,1.0963645253246708,-0.07846952653270106,0.46203320507554946,0.027241831032365424
18.909190988,18.846205472946167,-0.08154671709632301,0.11140921802894363,1.0934577441843951,-0.08075427676886901,0.5458140182028047,0.03173756845035417
19.006725379,18.946241855621338,-0.09158200279049715,0.16743282290613878,1.0905825406154745,-0.08304262202048895,0.6131631693135052,0.03721221517873285
19.119056845,19.046286821365356,-0.10155750478562227,0.2334709857288535,1.0876906754097517,-0.086459693564065,0.6896057254870217,0.041079978950044525
19.211762384,19.146199464797974,-0.11137724928973249,0.30241524501393213,1.0856707118717182,-0.08789267818432944,0.7448718479644061,0.043426248891887446
19.308013285,19.246272802352905,-0.12243491530884901,0.3802191623652917,1.0840502667863343,-0.09888896376618306,0.8038453347510633,0.040923585387125795
19.419818289,19.34636616706848,-0.1338754612569908,0.46491718137491644,1.0823653614945905,-0.09852794196666473,0.8517733020412812,0.03771758246780869
19.511175687,19.446284532546997,-0.14405075118238642,0.5517498423483763,1.0803663926290048,-0.1063775671909356,0.8963918301122442,0.031072189655845222
19.621513393,19.54629397392273,-0.15495578589235015,0.6436380595384745,1.0784241732018274,-0.11149875768062646,0.931873808251492,0.033686113578137306
19.728466913,19.64616370201111,-0.1646843575162556,0.7376096368796593,1.0763819971571136,-0.10664773418528568,0.9602016748454468,0.03557574972618286
19.805025106,19.746164560317993,-0.17461952347161813,0.8331714345421254,1.0758769479315542,-0.10977137869582729,0.9923493701345649,0.037158420472447565
19.923027609,19.84450888633728,-0.18259148311495466,0.9337797667270905,1.075333306597459,-0.10134257295545648,1.0186488874042303,0.04298837100110135
19.98500039,19.945668935775757,-0.19060651305469725,1.0368653900356202,1.074354369128492,-0.0964708544607009,1.0352297559219346,0.04388654882609149
20.137461974,20.046281099319458,-0.19609540702610861,1.1249357611831523,1.0817838108600293,-0.07646959570665662,0.7611386891908806,0.00624669115946897
20.224115798,20.146465301513672,-0.2000158318172655,1.2029939260341591,1.0884404142508044,-0.06456290168567293,0.6918603215074309,-0.14103788892021388
20.334825595,20.246233463287354,-0.20186594147245124,1.271371119473706,1.090547643444703,-0.05199662455988447,0.5178915857328187,-0.14816478554528786
20.418885203,20.345012664794922,-0.20355742209288955,1.3156049390290094,1.0872634669076695,-0.029105487498742234,0.3131290646572945,-0.11899994009252671
20.520919107,20.44640803337097,-0.20508100435274973,1.341337237602276,1.0813627588647625,-0.01437348682183654,0.14986808030855306,-0.09147546394600604
20.631261927,20.54610824584961,-0.20503916532610422,1.3523389549791889,1.0763894588146576,0.0001503539977310885,0.03882062316959149,-0.06734193436808045
20.738356165,20.645017862319946,-0.2046828856340691,1.3512655109823704,1.0711512791703832,0.007959321691289947,-0.03723270638518134,-0.04616148622741116
20.826726907,20.740437507629395,-0.20225708853897406,1.3451693195560275,1.0685065677489227,0.016857535783172558,-0.09132108569306625,-0.028594900044167853
20.916694792,20.845468282699585,-0.19856680335557472,1.3325762303084439,1.0666698466514495,0.03197267894713543,-0.13181380053745473,-0.013924583324564524
21.027258925,20.945693969726562,-0.19394663863812442,1.3203096246272537,1.0671956967388578,0.042333951418137956,-0.1380167774655513,0.0016161206505803127
21.094886706,21.04652976989746,-0.18760697910295013,1.3069232441819307,1.0667489612792302,0.05427295606382857,-0.14359394152229737,-0.0067683074704398966
21.221306223,21.146422386169434,-0.18063503582309928,1.2935689498694973,1.0651476799355248,0.05845217878060794,-0.13697928291341643,-0.012142747236812192
21.321493178,21.24614381790161,-0.17413736744194386,1.28096297337275,1.064465505758376,0.057405282229183396,-0.1287502656226093,-0.014674997384717
21.421719181,21.345050811767578,-0.16875979701436356,1.2713421007320318,1.0623597705008352,0.05249410445255298,-0.11000506320590536,-0.014606682664009517
21.523313614,21.44648265838623,-0.16270800998695908,1.266734683607209,1.0603279116368691,0.051205521656411256,-0.08723978631045137,-0.015705995820562507
21.633855407,21.54528546333313,-0.1566746148365408,1.2564776140997234,1.0595505367078166,0.053777097282118554,-0.07809966795182152,-0.00903830088283259
21.744517974,21.64553999900818,-0.15128563883176388,1.2464994828847118,1.059408139118967,0.050731045572602176,-0.0663488257902258,0.003150100379642059
21.821479021,21.74535894393921,-0.1463965247326884,1.2455183829800245,1.058262053024476,0.04467217563687928,-0.04239311589538439,0.00018140787068985552
21.91320498,21.846251964569092,-0.14108471787086713,1.238678593275866,1.0595349853728009,0.037653219858932614,-0.027646770747859352,0.004911600719276858
22.039368629,21.945794582366943,-0.1381964773949941,1.2355053091331247,1.0601921973974835,0.029592224700896452,-0.012104852331313358,0.007274154344247687
22.121260488,22.04670214653015,-0.13549750156542903,1.241071742729169,1.059775472836218,0.01804759940282534,0.02154257947994095,5.859220587819811e-06
22.212480439,22.144813299179077,-0.13343444163374737,1.2476250551304804,1.0597851121157735,0.006645801255012607,0.04245778335157749,-0.0002938724010242199
22.31390329,22.24539065361023,-0.13255993412539135,1.2504319870650822,1.0608592219999797,-0.005762915320035458,0.062419602341003175,0.0023553894665590495
22.424764076,22.34503197669983,-0.13323996192628879,1.2571680706886807,1.0612907750750553,-0.012738328322757897,0.07172080928858833,0.01397939120070172
22.519243636,22.444894552230835,-0.1355367019794584,1.27137967184022,1.0604631915580203,-0.027682756317709774,0.0986701179640599,-0.0008656978955478304
22.626938686,22.54535460472107,-0.13762152885524284,1.2834476080834303,1.0611479376353474,-0.034921548601811035,0.11513191370225605,0.0007433644343918865
22.713472835,22.64543581008911,-0.14096853532167958,1.2936036438147318,1.0617182245005237,-0.045144303645811165,0.12073867996718957,0.002860408872832538
22.827145944,22.74516534805298,-0.1456477860174625,1.3083450321452093,1.0610609925346497,-0.05205649393929743,0.13371126816815493,0.000885700311542531
22.92442177,22.845847129821777,-0.15041000921396386,1.3264722320653906,1.0608904989387453,-0.060961576075742166,0.14699380900426684,0.003137790157799761
23.021015334,22.9435076713562,-0.15568785832294305,1.3385860153070726,1.0618189870132133,-0.06792299109309312,0.14798470546819012,0.008056065720914789
23.118904931,23.046013116836548,-0.16354289629129637,1.3518563287643015,1.0612186832431574,-0.07836318581001445,0.1525755753792522,0.0020053154141737852
23.224165697,23.145883798599243,-0.17050233778835258,1.3748850082403734,1.060428424488077,-0.08302960378116979,0.1725818997759463,0.004752016221364592
23.311663791,23.245702028274536,-0.17960658956281833,1.3918120886410725,1.0603622906024308,-0.09301489946354889,0.18477040250428048,0.004843396340822091
23.422462513,23.345402002334595,-0.18862433891008462,1.403821311516097,1.0609187169095533,-0.09848104543568191,0.17591032186838496,0.010361679124386377
23.517735815,23.446773529052734,-0.1982298537470707,1.4267868260385586,1.0609143390193176,-0.10349414260764751,0.18801289837073007,0.010880763721169024
23.614926122,23.54550290107727,-0.20787805015576366,1.447980345433463,1.0614543286658684,-0.10775519614264731,0.19611390667184553,0.004271724831340442
23.726099661,23.645403385162354,-0.21852326828734092,1.4688174180077342,1.0617124786200536,-0.11532991836285326,0.2024061685566424,0.004900797471558646
23.837040417,23.746123790740967,-0.2289581193262989,1.489331310232489,1.0606328435691135,-0.11273223311902103,0.20511252990938703,0.0031114619369403355
23.924749661,23.8454110622406,-0.23929301748976667,1.5120847547313385,1.060342725969492,-0.12466620733273745,0.21647419195017484,0.008121191316750109
24.02246419,23.9456729888916,-0.24978988909638353,1.5348641446245412,1.0599209097123616,-0.12502348135192276,0.21550366286655495,0.0003744049757812532
24.139016702,24.04528021812439,-0.25935868170865023,1.5579323999425767,1.0591875509737452,-0.12587032563871378,0.2139874271440093,-0.0043977247766933064
24.221127792,24.145715951919556,-0.2688284709383425,1.5812412498926165,1.0581361393243547,-0.12485748823838494,0.2166133380484942,-0.006265000153777672
24.334985438,24.24567723274231,-0.27822615795612965,1.6057702145241946,1.057469130504442,-0.12014998509537096,0.2220006376787085,-0.008454579222574591
24.406713225,24.345659255981445,-0.2870585953093857,1.6299653854510339,1.0563840949162118,-0.11665337946539552,0.232237481796975,-0.006828873976525834
24.495906245,24.445728540420532,-0.29593580302609945,1.6554287846530191,1.0545405532382754,-0.11477644001292661,0.236322473955984,-0.005424539159261034
24.61891258,24.54576015472412,-0.3033455427820781,1.6796257405235373,1.0536020184829489,-0.11143603814399217,0.24774978186406826,-0.00865899899398958
24.683603718,24.645848751068115,-0.31007687668446876,1.705375168028522,1.0518508737739323,-0.11364257655945557,0.25027088848614104,-0.016148650330298817
24.824296805,24.745779991149902,-0.317239412190556,1.7285607131884635,1.048778335357512,-0.11031337784654789,0.25172956732595564,-0.02704768205336331
24.924956581,24.84577441215515,-0.3243876112136294,1.7571269297866434,1.044860775677002,-0.10930932656129004,0.2562195196254477,-0.0284488457107904
25.033146777,24.945703506469727,-0.33075992440601626,1.7870151972993196,1.042919922978069,-0.10280122477787125,0.26900171671065626,-0.016275616384924887
25.137069773,25.045701026916504,-0.3347188359510559,1.8157257426777638,1.0414768343521996,-0.09037078921402737,0.27779281829405567,0.00010262412216040046
25.227795898,25.145832300186157,-0.33817328079457704,1.847300096528654,1.041345229556813,-0.07680042473829657,0.2885857102584478,0.00487851112528064
25.313788342,25.24573850631714,-0.3405678377942872,1.878946032142427,1.041563519115061,-0.06139061394627131,0.3018007534060711,0.01149024528223595
25.41474561,25.345712900161743,-0.34128933461406136,1.9103680436094637,1.0437120725462081,-0.049402758562161614,0.3096432258582534,0.01828495458460671
25.505265012,25.44574999809265,-0.34135470516108,1.9431497287652115,1.0457783097141895,-0.039782776741275575,0.30402331572657015,0.020595663941468535
25.616271214,25.546626329421997,-0.34147857278263766,1.9762561342986464,1.0472310735885653,-0.03501773221330819,0.3093594583490316,0.014354845221129273
25.732903855,25.6457417011261,-0.3423188116437509,2.0060901439278442,1.0485907725730992,-0.03210042939051953,0.29952684754328035,0.011151532082969852
25.826423812,25.745731592178345,-0.3422854486682905,2.034802039773132,1.048919831208275,-0.032336457670910965,0.2874136797585181,0.008434766891985196
25.916850406,25.845836400985718,-0.3435991817166912,2.06660715049587,1.0493328156505275,-0.03952888454226444,0.28700487506576644,0.004884818330137059
26.031271366,25.945730447769165,-0.3451965966856669,2.0941873657676955,1.0502010200759193,-0.04718784213935489,0.2822364622502547,0.010058074739255718
26.160945702,26.04569101333618,-0.34684823696825745,2.1214257757068347,1.0503515140972253,-0.052340768817023875,0.2803680653760845,0.01039023947401463
26.191638085,26.1463840007782,-0.34905345561325474,2.155528119075749,1.0505164593170184,-0.06192482539923723,0.29614488807923367,0.014110268124314684
26.325464975,26.245791912078857,-0.35162408560097236,2.185653600919392,1.0522775223725358,-0.06357448954957454,0.3019440918372634,0.019189146539902602
26.420350799,26.345741748809814,-0.35542099196572746,2.217310760611436,1.0556027351384751,-0.061519205003051525,0.3035938954462532,0.024606004011803195
26.548141355,26.445719957351685,-0.3594103806727594,2.2486427922889725,1.057033386669446,-0.05937299727767593,0.3112922179306193,0.022247003215939008
26.589434217,26.544222354888916,-0.36218312131988456,2.286262980806126,1.059027657072211,-0.05444103862065315,0.3242104998249919,0.023529483255451095
26.700824784,26.64576530456543,-0.3653829306711796,2.3186693527837896,1.0630256135934115,-0.05157031285967092,0.3277017380720281,0.03296162213291333
26.82738657,26.745758533477783,-0.36859996889198404,2.3451294523064705,1.06697804932416,-0.04772391409553438,0.3202219116453071,0.0326467453456797
26.924560919,26.845661401748657,-0.3714415163715818,2.3811761753730982,1.0675762743613102,-0.048941514292682196,0.32402291181557275,0.0207056030916182
27.022729775,26.945791721343994,-0.3736511788271091,2.413527252644358,1.070510788551538,-0.04424580233032584,0.3148631449965073,0.024449340762208595
27.143110373,27.04573631286621,-0.377724231967638,2.4394241522839026,1.0750368261244563,-0.04808431297459441,0.3072491851829511,0.032706901529724546
27.241713351,27.14598274230957,-0.383092951790183,2.46879806512724,1.0774176273410303,-0.05401704462675858,0.30308942256205923,0.031050759296808852
27.336018601,27.245666027069092,-0.3879787439160679,2.5005112043930056,1.0792409815515212,-0.05648728639560505,0.30453616295009445,0.02832542050594369
27.419471079,27.346018075942993,-0.39295043302336874,2.529325308886725,1.0829417984093561,-0.05751681119951138,0.30251433449705406,0.026255271313264585
27.535653006,27.445563554763794,-0.39821652019570947,2.5578579812293705,1.0847641576657108,-0.055242282414916605,0.29970012964938303,0.01987997003560042
27.640190185,27.545735359191895,-0.4047196643420548,2.586492378314886,1.0860876532021038,-0.06077654637818005,0.2994338256703543,0.011354681300000214
27.708396893,27.647082328796387,-0.4106710422214281,2.615783232558631,1.0875980063915278,-0.05784995970406918,0.2864557079952812,0.007232154568952896
27.822780009,27.745771884918213,-0.41729545889725705,2.6395764797580634,1.0898106426362717,-0.05497088270247806,0.2731588721037586,0.006983743235573467
27.928327056,27.845760583877563,-0.4237979285013173,2.6652516316000936,1.0893977928575325,-0.053747714961147226,0.25809992433114126,0.002553504483534847
28.08040352,27.945720195770264,-0.4296133481816979,2.6945676332362454,1.0898895685323022,-0.05479801146424245,0.24761655341038366,0.0038575503611995156
28.125892632,28.0417640209198,-0.43580230315722757,2.7171097392124213,1.090523077028561,-0.04935063796840102,0.2306232583733872,-0.004460696896867079
28.222398359,28.145784854888916,-0.4428452141833974,2.7427711630148766,1.090847115767634,-0.046848157113488983,0.2302656107107831,0.0030907202006890833
28.376591856,28.24578309059143,-0.44942632942313643,2.7645306404453613,1.0929859698522095,-0.04845667865726229,0.21383194461594585,0.018402948294177258
28.42217356,28.345878839492798,-0.4566361707393663,2.7881456312990505,1.0936071043180426,-0.0506794295497888,0.20145942924739857,0.024647956194485083
28.52755117,28.4458224773407,-0.46515129282932244,2.8111736148825974,1.0940534432707756,-0.060466549955374316,0.20462951792455747,0.021405816005102104
28.639008858,28.5458505153656,-0.47472739945037584,2.8268996166869766,1.0972328188398794,-0.0705749920005502,0.1941843302411951,0.034410194962550496
28.734345645,28.645707845687866,-0.4837306523174387,2.8462058169152753,1.0998734121117368,-0.07663229141328493,0.19820613468978185,0.04050933404020712
28.821290389,28.745893001556396,-0.4942513195008534,2.8685161238787438,1.101139757830995,-0.08439123336948402,0.20296602600678434,0.0343702128764126
28.92086093,28.845757007598877,-0.5067149462732002,2.889629329061308,1.1047467515585883,-0.0943013493493821,0.21547826681813248,0.033301619025365735
29.025063939,28.945911169052124,-0.5190031267184044,2.9092795895581496,1.108166498889145,-0.11198132280500868,0.22614392419826015,0.03316913408997713
29.122218645,29.04578137397766,-0.5320338868062487,2.936909164660035,1.1071748685356175,-0.1140930062323567,0.2533727700619784,0.030658527818703808
29.239732367,29.145822525024414,-0.5459595350589804,2.9647585481161225,1.1095352483273944,-0.1240470227246506,0.27950478894747005,0.032209217919015945
29.330955184,29.245778799057007,-0.5609382784415861,2.991491569329636,1.1127017724168569,-0.1265624687001912,0.2920441722064804,0.03498293376328087
29.466902858,29.345885038375854,-0.575353956125277,3.0228687034353374,1.1136235249775108,-0.129935353548762,0.3119019685534308,0.021978828155365737
29.532273436,29.44566583633423,-0.5876502318954844,3.0519595838483182,1.112473835965271,-0.1207010521404079,0.3106575426435388,0.006304684486896658
29.644712918,29.5460205078125,-0.6028287975915589,3.0864641624862426,1.1124891899171727,-0.1247099482498307,0.3222212241022734,0.0011024103566150566
29.693069135,29.645922422409058,-0.6162047186621022,3.1161097865831238,1.1154481063548394,-0.11502087631789315,0.3038639165004534,0.004362382444690802
29.839973111,29.74604058265686,-0.6297134608354651,3.1486244161637957,1.1141600155867157,-0.10709626240237778,0.3029023622074015,-0.0008357635828302556
29.919831193,29.844761610031128,-0.6426940516970263,3.1764333221255594,1.1114206145829828,-0.10840183153624884,0.2886156656600926,-0.013607005831920437
29.987863942,29.944390296936035,-0.6559762327292594,3.205130472026372,1.1117965252816202,-0.11032338915164293,0.2836902894078751,-0.013881780510510151
30.132784542,30.043890476226807,-0.6681640913133918,3.2289684012601234,1.111865012037924,-0.11547948997675911,0.2724358435617459,-0.007913919046366244
30.236801855,30.143742322921753,-0.6801401501452254,3.2545952467316392,1.1097390372060931,-0.1098497019949627,0.2636400679713185,-0.012668716396677923
30.335421294,30.24481463432312,-0.6926053164804616,3.2820387005548235,1.1080840270264367,-0.11238536719116807,0.26092385729670525,-0.009107996408612798
30.438717013,30.34420919418335,-0.7025389890528313,3.3067395321323674,1.1081156747232164,-0.10135221555126404,0.24909281697292912,-0.00777678729627354
30.531484867,30.44609260559082,-0.7136347780764951,3.3333631028460675,1.1059385064306801,-0.0999368567664619,0.24012302793225637,-0.012354793836370571
30.629290728,30.54609751701355,-0.7248927855791365,3.3566916079775573,1.103783336675124,-0.09804485364401298,0.2289738401406713,-0.008726924603505326
30.719997693,30.64614963531494,-0.7359252572030657,3.3784996881884095,1.1039426221991018,-0.09509175484862263,0.21249531408497152,0.0009932131977434982
30.83229311,30.74602198600769,-0.7464819723770694,3.3996332100094584,1.105363660926204,-0.09168393400586317,0.20082568422528707,0.011117227494253652
30.929267218,30.844743967056274,-0.7565956509734933,3.416731851297388,1.1069910755763968,-0.08963660876741258,0.18883916887018354,0.016576654909383592
31.031600663,30.94425654411316,-0.7670112979606655,3.4325205893281834,1.108891973989509,-0.08884378957911238,0.1814718180036059,0.019111972920300868
31.09403713,31.046205282211304,-0.7785301396168497,3.4511418164950554,1.1077454852191828,-0.09127130523496796,0.18238610650920334,0.012495981020968173
31.23072473,31.14489221572876,-0.7882970932857779,3.4639560041730593,1.1082722454843619,-0.10139724374529437,0.1888782136490354,0.019049169461855517
31.318212692,31.242682456970215,-0.7994839890129422,3.4816953125326586,1.1079015265352794,-0.10522876144917052,0.20170210389552898,0.00909758149119386
31.434502511,31.346239805221558,-0.8124684662022721,3.5003795661074535,1.1065205002999712,-0.114793650401656,0.21704117320557778,0.002186260775399118
31.535066537,31.446182012557983,-0.822055794807153,3.520615787100252,1.1051743004006163,-0.11269080697278784,0.2343265647348966,-0.004919586000813907
31.621895508,31.546159029006958,-0.8318745357450147,3.543038177690145,1.1043263014920262,-0.110587211323472,0.24363522536196514,-0.003700963718787148
31.732467654,31.646275281906128,-0.8393791067905018,3.5709901917763056,1.1010613802999207,-0.104024353322635,0.2648847679401425,-0.009229695812492701
31.841314677,31.746193647384644,-0.8451854834718989,3.6006572759377544,1.098596812824509,-0.09331263322877903,0.27607622126588666,-0.01993838374104628
31.935544776,31.846171617507935,-0.8503073780476729,3.6272967397805598,1.0967598830143506,-0.0810043308637998,0.28113630501155906,-0.02562064633035519
32.040591704,31.944331645965576,-0.8527212318281908,3.651300198171143,1.0944857801828163,-0.05677733419771477,0.2796998730148515,-0.032414214160927955
32.139269688,32.046263217926025,-0.8538399688338764,3.683998539761342,1.0918750296719828,-0.03736897750697438,0.28578079033841414,-0.031025222843972296
32.207581953,32.14499068260193,-0.8517817475831112,3.711512863455689,1.0913349806693866,-0.01650482413073271,0.288316905784747,-0.019483839899444588
32.339670264,32.24437761306763,-0.8480183964902658,3.7403454515281083,1.0885442249173634,0.00012513546010215702,0.2941496705614529,-0.02032591998309389
32.465491408,32.34432005882263,-0.8423322023436062,3.7705458877770477,1.0859778594118235,0.01804650089678567,0.29941170766899783,-0.0245865149946779
32.523185566,32.44632601737976,-0.8348577832809025,3.8017665920492565,1.0834093202988122,0.0328277939387665,0.30334294454993305,-0.02668860820632235
32.642952571,32.54645299911499,-0.8270676120449124,3.8225533270430976,1.0805754232422318,0.044877329094877294,0.295370027381178,-0.01487259520576811
32.746096704,32.64630460739136,-0.8162338060502878,3.847895809550257,1.080338197874504,0.05460732140317089,0.2792520882179692,-0.009570699027968227
32.843098987,32.743308782577515,-0.8067348004942174,3.871025931650236,1.0800101009356469,0.06096893851679396,0.26943546994859396,-0.0022058634509728287
32.940930881,32.844762086868286,-0.7947090013567436,3.8969390134205653,1.0821323125779998,0.06918695332416074,0.26097075937426734,0.008897390345888866
33.033905928,32.94519758224487,-0.7816311310153594,3.9239293920187492,1.0827829249510135,0.08873772457913001,0.2588871651014912,0.010765658381031608
33.134602783,33.04433727264404,-0.7669009577585368,3.9547765873940195,1.0835474149798179,0.0980382421544663,0.26569086008393233,0.018117346579203143
33.24400929,33.14383125305176,-0.7529099137335832,3.9804420254013175,1.0867494146746919,0.10910661024660949,0.26886864458902204,0.025099490755066463
33.324322182,33.24442172050476,-0.737861827298076,4.011009898675275,1.0899162190800455,0.126755907949075,0.27487748294333453,0.02726263009582627
33.428227318,33.346412658691406,-0.7203701254452409,4.04163436837173,1.0900983480125006,0.14258261731026708,0.27859671515394774,0.01515231445005566
33.556091128,33.44648194313049,-0.7038048992564986,4.06646548786646,1.0900614575281051,0.1471985061367067,0.27073030313979746,0.005802744328344681
33.645413883,33.545762062072754,-0.6856898254900786,4.088565171446038,1.091334443619763,0.15626955461852482,0.2602157000727406,0.011259955835943735
33.721365152,33.64656043052673,-0.6673036520136154,4.116576804849006,1.0928773161592988,0.16165848296183405,0.25868505060835745,0.005850215105331426
33.841762997,33.746466875076294,-0.648818871605689,4.143961060445567,1.0928097573962026,0.16186641273125252,0.25858316477006665,-0.0075464516968763605
33.93497358,33.84666109085083,-0.6322756171253366,4.164247595461522,1.092428443047638,0.16669272103511107,0.242970901813901,-0.01058522961637278
34.029322817,33.94654583930969,-0.6132583361813199,4.193132256562367,1.0926577913347748,0.17152053702090592,0.24615609273050298,-0.008536194030327923
34.131427686,34.04652523994446,-0.5947265796273398,4.217497423400314,1.0931398456391406,0.17790032082756774,0.24276403700026283,-0.0046906111101684194
34.230299854,34.14649796485901,-0.5774911509816875,4.240433814062515,1.0923063382759275,0.1953262815308472,0.23727176457422303,-0.004909004666640564
34.339607495,34.24662685394287,-0.5577976074074714,4.257783525359908,1.092213240403128,0.20023345485255237,0.22898610254810875,-0.004203451334937003
34.415285068,34.34655404090881,-0.5360232053275884,4.280006069504928,1.091133940097143,0.21061723100064111,0.22215318885829327,-0.005000774323403368
34.520157727,34.44648766517639,-0.5153566198511563,4.30055361000907,1.0922342995623275,0.2172536776282139,0.22029049686992985,0.005402886909462406
34.643610323,34.54665493965149,-0.4937773746342402,4.325941721642224,1.0932901016960461,0.22415824623727248,0.22460823609287017,0.006185497158367223
34.69456004,34.646594524383545,-0.47224150415660293,4.3496252255609695,1.0945395585050606,0.22856783371385947,0.23053925517595264,0.0017468519051236258
34.831268368,34.74676060676575,-0.4509098220345714,4.375377195072432,1.0949738131587885,0.2340476750638236,0.236078581553254,-0.00975411111986603
34.923675849,34.84665775299072,-0.4295699716190092,4.399499525092081,1.0930575048089617,0.23444111893697064,0.2318695866028057,-0.013268460401618908
35.020218418,34.946643114089966,-0.4071193279412189,4.422052052740702,1.0919312974920852,0.24291239159413977,0.2240516067416377,-0.01308834796045839
35.132131162,35.04660773277283,-0.3817544130379007,4.44737622549921,1.0906807022193337,0.2528979302983842,0.2177541808960377,-0.004684275817650876
35.239117518,35.14670467376709,-0.3569664770554376,4.467559579261624,1.092333784391266,0.2624289161224866,0.20029112164000978,0.004528325257002606
35.337003767,35.24668765068054,-0.3334888076938612,4.4850271518294385,1.0930001048795022,0.2639712125749867,0.18336614276020502,0.004076382660645814
35.43803902,35.34674429893494,-0.3044711905666345,4.508956799295576,1.094054677726561,0.2753170672727453,0.17415413156865914,0.01290555296629059
35.507858388,35.446770668029785,-0.27825053152061097,4.528242459320344,1.0975701696803053,0.2809268525348781,0.15758311320728824,0.01860763449707315
35.638595483,35.54678821563721,-0.25422663331616485,4.543330972842524,1.099349231421831,0.27333548471945623,0.14173721512423434,0.018224087611522475
35.758906247,35.64552116394043,-0.22890155341674615,4.560568718124539,1.1016739516299956,0.26736855740663307,0.12669656352571695,0.012715037384825368
35.844336258,35.74688458442688,-0.20407926499400125,4.576541988339878,1.103302609507482,0.2694972561940413,0.1043030915381414,-0.001694490280196322
35.92804336,35.845611572265625,-0.18035973949762998,4.585731751670774,1.1053538860724363,0.25379931060303956,0.08611240546736434,0.004816272903444365
36.064009787,35.94678544998169,-0.1567881400511862,4.591244065925963,1.1066668117082086,0.2460500706416216,0.06366249148013829,-0.002070177557399255
36.151056964,36.045724630355835,-0.13344499153247338,4.602945491377658,1.1071624837916003,0.24022912894205067,0.05816177429055214,-0.001081714861990514
36.228989284,36.14692759513855,-0.11407882958608907,4.611837226373483,1.1086055719790038,0.2045933055228788,0.08284625375449972,0.0010397880774862668
36.337864112,36.24683094024658,-0.0970379616830478,4.622094769294198,1.1083212246298628,0.18447827514641674,0.08336206701590365,-0.0019732804279764724
36.4331299,36.34574508666992,-0.08043115445318298,4.630325661788945,1.1088081882044993,0.16285033008557412,0.08417025429793963,-0.004610544214528763
36.533142107,36.44566321372986,-0.06679053179284125,4.644152462302474,1.1097796409285818,0.14192465003250912,0.09823319750434083,-0.003941703223354427
36.616565674,36.545772552490234,-0.05816399557076855,4.652138453344643,1.1088162538908166,0.11413837456846716,0.09900943293135665,-0.009176384184039236
36.738374418,36.645763874053955,-0.04965662137023227,4.664895933258358,1.1072654407485267,0.0918551011267254,0.10259293230414988,-0.011991928698080932
36.812923733,36.74571967124939,-0.0420196193103301,4.6779471130999255,1.1066181546990501,0.0797132974486774,0.10007533161110378,-0.012562240445972466
36.961660253,36.84587383270264,-0.038954006943902664,4.688739412966898,1.104810255931969,0.06877924131431014,0.08017794423441633,-0.008337075406340645
37.065009368,36.94395065307617,-0.03484026630870668,4.696452353640121,1.104346411693355,0.054718299226534706,0.08935970516694787,-0.009270828223119676
37.123549028,37.04575324058533,-0.030115501982154933,4.708957164995097,1.1037898687436758,0.053567029696523334,0.07893227408362283,-0.017524831226189346
37.246647807,37.145838499069214,-0.02666538950436528,4.716888203721365,1.1043908732617347,0.040228759269220433,0.10624421066316513,0.00914491813679873
37.328563906,37.24596309661865,-0.025471586988934987,4.73398736358951,1.106505186595757,0.03447271285320401,0.15645887361003577,0.025874039871021
37.435750007,37.34573316574097,-0.023547462684456188,4.752448358339417,1.1106518587775438,0.03772480885765096,0.21391309699822844,0.04417647711704281
37.501275462,37.445913553237915,-0.023768270026586998,4.77645822269753,1.114116419943624,0.025909363065984348,0.2747443848956217,0.052205171636742535
37.649043278,37.5458402633667,-0.02132010665842647,4.805865817435256,1.1172516992212085,0.019616130559455432,0.34835743015735215,0.048263333151978886
37.729405201,37.645978927612305,-0.02530964560005604,4.843167271594445,1.1189172242769447,-0.001244703300999328,0.42337236637296105,0.04632039051995057
37.829135226,37.74592876434326,-0.030019421579220395,4.8821053758873685,1.11933111294583,-0.022479338871129715,0.49002094593126816,0.04441414443636343
37.957573819,37.845906019210815,-0.03379124529434799,4.936259096304495,1.119460292730593,-0.039863151150969334,0.5611839193818408,0.04186028961506085
38.044377619,37.94600176811218,-0.040672484681468966,4.993275404868963,1.1181477905404058,-0.061590245569017314,0.6312531637794256,0.03572852338524846
38.150937121,38.04661250114441,-0.05415733740433751,5.061950073549548,1.1159527307059336,-0.09199668852978381,0.7071128973050006,0.026035139467909953
38.260850423,38.14426803588867,-0.06327008219560058,5.136007835047206,1.1131663769570144,-0.11464786475441692,0.7686102099069444,0.02661627145154825
38.334189509,38.2451810836792,-0.07150386101722253,5.216927172747137,1.108723667598409,-0.1301183842847258,0.822425646838851,0.01845143824750093
38.40448003,38.346028566360474,-0.08171261001718004,5.301562797660255,1.1053843507847891,-0.14355495824834016,0.8650106983178997,0.014529602490255181
38.53375204,38.446537494659424,-0.09279531386160654,5.387571598194707,1.103219277976737,-0.1551139929674449,0.9063939275394066,0.019250557217744935
38.656939336,38.54500770568848,-0.10095241669998502,5.473632489743474,1.1013569877581613,-0.14158084133085325,0.9260668414837172,0.03112028017782217
38.719306157,38.64764428138733,-0.11068648881482601,5.570283431249735,1.1012826278700312,-0.12136229125776365,0.9478401446919839,0.03971009360475643
38.815739422,38.74604558944702,-0.12208484610420703,5.669187603066148,1.1018639323486008,-0.09784664962735082,0.9786963453811891,0.048585629824800566
38.943735434,38.84592843055725,-0.1302424744912931,5.771307335443635,1.1032615623195938,-0.08288338605991939,1.000008403232704,0.05553909159709922
39.057114168,38.94615387916565,-0.14192210363887175,5.873498840860522,1.1046742707559911,-0.07230485207004617,1.0220207123822735,0.06061863757614804
39.105813071,39.04636907577515,-0.14826277558265574,5.98029661154638,1.1068630621405067,-0.0690775887440835,1.0437547941325087,0.07419790437484787
39.212711573,39.14572882652283,-0.1572705811864915,6.087555999889157,1.1097831171866657,-0.06541125202812657,1.0670395077689236,0.08155594671639085
39.308002955,39.24613332748413,-0.16365888578778304,6.197776275411016,1.1125518090893836,-0.07291070195563464,1.0883829281856854,0.08344167144702613
39.407481103,39.34603977203369,-0.17035604567650645,6.306932459532848,1.1125339907043792,-0.07912935498816417,1.1090281802072206,0.07947848818598882
39.514859044,39.445759534835815,-0.17646297388363202,6.421311399650658,1.1131249273569845,-0.08044233634218044,1.1315494322696418,0.07478339401353871
39.649083918,39.54355049133301,-0.17999145268202704,6.532122158888932,1.1142583663371548,-0.07758250310700855,1.1505527722155977,0.06799591736350984
39.699483436,39.643266677856445,-0.18698004983184213,6.645245545916299,1.114615766914306,-0.08715935089126536,1.1636648016332234,0.05995653672700821
39.85177032,39.74567246437073,-0.18963910939197146,6.767472610315696,1.114506697463121,-0.08223394804993624,1.1893202420788689,0.05673181587295026
39.926752885,39.845776319503784,-0.19643017801937246,6.884768460189804,1.11318557416787,-0.07833014314695974,1.202232212085769,0.0500405489332992
40.026199769,39.94641304016113,-0.20259175021944828,7.007284375658337,1.113487260900331,-0.07390850893548474,1.205708207568084,0.041577371471904614
40.148850288,40.0457820892334,-0.19841153066173897,7.126978168246697,1.1134722823854108,-0.0560575721711581,1.1888768244189043,0.01710542483633978
40.211010148,40.14546775817871,-0.1929116233028889,7.2460657819630665,1.1128113760014189,-0.03703966353396335,1.1623924011088909,-0.009050816026348068
40.340710235,40.2453773021698,-0.19019655653472634,7.363034555287945,1.1118565706689059,-0.022525954332008196,1.117562604797117,-0.035491649383524886
40.462598389,40.34547162055969,-0.18881142000979845,7.475293851430383,1.1122956778092232,-0.008593734296517545,1.064366807823834,-0.044602456798495733
40.544652957,40.44490671157837,-0.17786015895667565,7.57900250169424,1.1119369190752595,0.008303378504568491,0.9984648939553913,-0.048415623102487294
40.654117928,40.55130696296692,-0.17021760987247642,7.6800514051180135,1.1117295798318412,0.031840370924200424,0.9112747977253076,-0.05243542031816427
40.732908887,40.6454017162323,-0.1648082384889867,7.7657586966917735,1.1121852439080142,0.04378131812533879,0.8416768949752746,-0.048149289778747724
40.801351173,40.744874715805054,-0.15558047036533476,7.845461707357673,1.1123515621825852,0.06327080697928743,0.7589581365443593,-0.04371971030463409
40.935575473,40.845688343048096,-0.1414535610793451,7.917476968411576,1.1125502466105228,0.07995902739577956,0.67718594547283,-0.036480235504005074
41.021811539,40.94576048851013,-0.12840897874698637,7.9797997454956064,1.1100581396278018,0.09562121736014104,0.6036927821437175,-0.03184798783500655
41.149823755,41.04542946815491,-0.11785155283757275,8.036585606242983,1.1133141301615455,0.09909594496749524,0.5331120681211339,-0.017307473260319686
41.243427421,41.14766716957092,-0.10590942982594516,8.085590436598586,1.1141589361558504,0.10847970470503807,0.4682092804522614,-0.004504164881071226
41.339521028,41.245553731918335,-0.09252695971493821,8.127931987841494,1.1150962085603349,0.11382506619685702,0.41611009576101576,0.0009178308526808416
41.418035868,41.34532713890076,-0.08422320072510164,8.165037504162454,1.1178870889036545,0.11354725633794485,0.3603796689850525,0.01230425211519213
41.544101975,41.4442183971405,-0.07327245376072912,8.19610795654443,1.1188189228090795,0.12136157283797436,0.3046075579607307,0.008012320975793037
41.637427675,41.5412380695343,-0.05667007476873062,8.221781536680972,1.1210028822472846,0.1258928454563781,0.26294583203909183,0.00414844603935334
41.75673199,41.6456983089447,-0.045706241291373385,8.247061002745983,1.1227887393345304,0.11794585322967181,0.22353539129160838,0.0015771748364309345
41.832611156,41.74561357498169,-0.03434018772648348,8.269181818074454,1.1243986417595144,0.11227364016876556,0.2033453933893312,0.004324012096767937
41.934778173,41.84543776512146,-0.024021361529513188,8.287051456582127,1.1261785369280872,0.10487723506117458,0.17492766914545238,0.007929512944001434
42.05488055,41.94573187828064,-0.012888514162927342,8.305243326829222,1.1287601929477702,0.10135537308392797,0.15562683887009335,0.011407813203939247
42.134367085,42.04569625854492,-0.006128696464900225,8.32221083132164,1.1312918475414386,0.08322296796099116,0.14503636098002526,0.022839658401199326
42.197163327,42.14574098587036,0.0029802644847081615,8.336073928383477,1.1332623064024525,0.07461396508770103,0.12734044220250032,0.021694053943022432
42.335280308,42.24522614479065,0.01026939477036277,8.347293694687474,1.1349562948312828,0.06351770471326422,0.11746750475778402,0.01442090790717367
42.460242194,42.34414839744568,0.01524926199334442,8.356345756633495,1.1377554807742574,0.05018599875042024,0.10177175765429738,0.013341214181110663
42.543736804,42.44372010231018,0.019324202823386576,8.367314689759057,1.1372741967298152,0.03884684471297066,0.1088016333190312,-0.08211098907379145
42.634387584,42.543588161468506,0.02231368141897029,8.37802355575884,1.1111663786451893,0.023548636261466478,0.11298335120802112,-0.40681794014016043
42.707824124,42.64573955535889,0.02126167867920496,8.386009645573239,1.049374020948641,0.006003116277395732,0.09133925590600886,-0.6881158492371146
42.836481446,42.74587535858154,0.0213691186596634,8.394594516009244,0.9720530749171177,-0.001544472701826505,0.0847724561362933,-0.8217572059025896
42.922615314,42.845423460006714,0.027579274077380755,8.399892577084083,0.8896267642506542,-0.009031159557823585,0.06573188522648597,-0.8556399152695108
43.060388223,42.94557046890259,0.024403907517314735,8.404314852450636,0.8059986267627102,-0.025265486522691123,0.04637816463284366,-0.8317128446437937
43.144181969,43.040435791015625,0.027369451535337083,8.407830570654916,0.7313663011748311,-0.032831068839799825,0.03652128288924364,-0.7884225061006593
43.218229882,43.145846366882324,0.02157309033781867,8.408492892885265,0.658110320305571,-0.04574926062757,0.017822490630994052,-0.7008075574831546
43.324435189,43.24457120895386,0.01738245263272646,8.409480496169772,0.5934439955327678,-0.05784393616318888,0.00668154112612723,-0.6264782279842859
43.39860565,43.34408664703369,0.015716501518927756,8.410313306520608,0.5372688307066986,-0.06480718243698963,0.0006864680759327456,-0.5460781772020571
43.553970236,43.4437153339386,0.014908127086942256,8.41214451121,0.4878789586372738,-0.06399497692257156,-0.005125610494881427,-0.46907033110781376
43.638533098,43.54335069656372,0.010192681002093687,8.41410530782576,0.4460464561001581,-0.06370560606549425,0.007422701685061077,-0.40175049922063233
43.713518706,43.644678592681885,0.0014779561823917474,8.41474577002932,0.41065477394200334,-0.07714068268762926,0.007802015245706667,-0.33620371151894773
43.816683909,43.744590282440186,-0.0063094722718178365,8.414620268475652,0.3806623337622967,-0.0811738441407378,0.007708395884569261,-0.2812927563846866
43.967468819,43.84577751159668,-0.009949163122626236,8.416378013647169,0.3532101534657383,-0.072248398975848,0.014895576615194007,-0.23468204071625562
44.063533229,43.94584393501282,-0.02378366409578927,8.42024071934342,0.33228838630745133,-0.08972892986279826,0.02319237770422709,-0.19384983583184767
44.138098207,44.04463171958923,-0.03745719634425156,8.422524462661169,0.3149831936082259,-0.10022962071763288,0.028102847788548966,-0.14910868714164585
44.228289159,44.14552426338196,-0.04240835408052543,8.424347736206764,0.2990914966443569,-0.0905923871698116,0.03229500099048149,-0.12489931526551236
44.302201903,44.24581551551819,-0.05053525610467021,8.427606451444102,0.2867227467401873,-0.08313173240023486,0.03737735780896875,-0.10275152102641333
44.428062636,44.345853090286255,-0.055051830701770624,8.42802974936473,0.2761465772756214,-0.07999515309993095,0.03294004671956834,-0.08754846179876817
44.562365113,44.445839643478394,-0.06438601597288808,8.432616183792673,0.2642110312610886,-0.08236194878512462,0.03951723496844005,-0.08718591811903952
44.667686856,44.54587960243225,-0.06978638703625442,8.433614597357302,0.2572577163484234,-0.07174091720241794,0.03546463833142113,-0.07619284989723019
44.708455677,44.645923376083374,-0.07729236100089364,8.435654847321132,0.2496455343527916,-0.07915895960197139,0.029536387462060394,-0.0769560841872756
44.816383057,44.74586272239685,-0.08343341544830372,8.43920810124821,0.24018919882585713,-0.07686413273025887,0.03572168591666602,-0.07651647613135498
44.943868201,44.84587740898132,-0.08847834261645984,8.44345664748149,0.23261517418770683,-0.07372313746657988,0.03677057834223721,-0.06591795024989654
45.079304703,44.94601655006409,-0.09620569398791234,8.446556161205175,0.22768909957155425,-0.06893408750329104,0.03601285016247134,-0.05338574869877245
45.15570702,45.04595685005188,-0.10085400986770414,8.449935319676234,0.2219351717597516,-0.06196191025949736,0.025210761083376516,-0.055757066436526795
45.238622447,45.14601492881775,-0.10481502985343684,8.450851091273156,0.21626537056338468,-0.05585182363574106,0.017647319285816136,-0.04809208370328932
45.327773692,45.24590802192688,-0.10668409313808506,8.450967411418393,0.2119734607975528,-0.04749558478146867,0.0058008353255848384,-0.041023543323768716
45.4240689,45.3460431098938,-0.11105862844962278,8.451195961222801,0.2087470746240389,-0.04820925382480364,-0.0018443261735886325,-0.03126037677893542
45.54246897,45.44598412513733,-0.1157799963496424,8.448919958576038,0.20289717123907036,-0.04410866832677557,-0.008302854555884979,-0.03430624575723863
45.646607453,45.54604125022888,-0.12231252031870442,8.443516321819988,0.20151377603983003,-0.048178069401475246,-0.022562448477777428,-0.029387371774667798
45.757131523,45.64605975151062,-0.12379538309812751,8.438415287954351,0.1980522196099108,-0.040161570620682846,-0.028845651551912092,-0.028355339968819074
45.809960424,45.74600625038147,-0.1279261888680442,8.43462972597939,0.19553478882101194,-0.049758842254509945,-0.023807644920208603,-0.030623100271863473
45.96532378,45.8460054397583,-0.1293412470766112,8.43424821606162,0.19008458476516663,-0.04634204576402277,-0.02122487815125898,-0.04436267770123462
46.059481022,45.94611883163452,-0.13378936341146322,8.432956656543336,0.18889857609908756,-0.04240331682731575,-0.0031261470325665945,-0.032421979519472705
46.106121093,46.044487714767456,-0.13683336370394725,8.429991600056942,0.18433196392023454,-0.040058406586580025,-0.019508246613975905,-0.032784686094320566
46.230035865,46.146005153656006,-0.14051463909885245,8.426623117801135,0.17879584833807663,-0.029883762892267907,-0.02602679694800741,-0.03738623501242929
46.360680385,46.24612379074097,-0.14182741896265305,8.422258415381348,0.17849661341871614,-0.015250351858476341,-0.02116937733217399,-0.02961993733280901
46.457726858,46.34608793258667,-0.13855029335420685,8.416500040223147,0.1731914636525381,-0.002683178308311035,-0.04249149011920093,-0.018882944334270613
46.514819033,46.446054220199585,-0.13474828251168167,8.413071927445314,0.16992098323181662,0.014526163518260974,-0.0409045302574505,-0.01756982588422914
46.602891014,46.546154499053955,-0.13263783201637072,8.40965730957793,0.1678016894762079,0.017323630112256877,-0.029954224073298848,-0.01370500489439007
46.7689543,46.64607286453247,-0.135699770068398,8.405172714606127,0.16838155288758322,0.0134600849222059,-0.032700985554384956,-0.0057916170641858725
46.854634232,46.7445604801178,-0.13207779561269228,8.401114180635597,0.16746188541729243,0.018084070474275564,-0.041585891195730994,-0.00928954656676983
46.911304932,46.84614968299866,-0.12963620462897163,8.394982273706816,0.1656085916405112,0.025707974020875227,-0.04282427566530241,-0.0031510803919494687
47.0063156,46.9463050365448,-0.12787446385083992,8.388679241261011,0.16536266304703834,0.028092306228305167,-0.041232289935656724,0.004609473592165081
47.132416473,47.0462646484375,-0.12583613784560216,8.382245077993538,0.16508707627676744,0.021765537980079644,-0.04132010982134677,-0.013004530387394896
47.240767508,47.146223306655884,-0.12487370733177651,8.378237272035694,0.16124868014769586,0.014134164352835705,-0.03986155591876373,-0.08699547000396624
47.34414335,47.24617838859558,-0.12323133499814609,8.374122523296478,0.14566400628099097,0.012082225149237671,-0.03361279108176818,-0.21312674846747232
47.452412292,47.346397399902344,-0.11911807564038142,8.369318952504873,0.11517517259230269,0.011680357302291658,-0.035991411583954566,-0.3589826395372605
47.557500663,47.445738554000854,-0.11988728694702593,8.362688365108955,0.0718582634545727,-0.004923616331226629,-0.03532442775709922,-0.469395172652102
47.637393081,47.546350955963135,-0.12555173529882493,8.358653427969342,0.02052766371042038,-0.025893867979041918,-0.03626738428746999,-0.5128665003650346
47.726898329,47.64630198478699,-0.12509160338578984,8.356306945584603,-0.0278110025617958,-0.06864401964426553,-0.03720093308529931,-0.46450223894353043
47.809117759,47.74628782272339,-0.13092829784681195,8.35174515657848,-0.0708387908734607,-0.037870910119789665,-0.04787705682533929,-0.40246907220553174
47.944473598,47.846386671066284,-0.13728275134845863,8.34932586221199,-0.07230178507085497,-0.05482947183039135,-0.06428642062500767,0.19288910236941248
48.022625213,47.94555997848511,-0.13699757448951758,8.344011968115472,-0.05685586976411943,-0.015779821371378767,-0.05195669239767111,0.018244935967491632
48.145533475,48.04635977745056,-0.13814525700618022,8.339046814698902,-0.06907846114825698,0.027987039219658887,0.03394054454755919,-0.1823213087788121
48.268672717,48.145541191101074,-0.13382647307688336,8.334499684860248,-0.08292607409757755,0.10077221573060988,-0.04736895168207373,-0.016471483775329608
48.362761073,48.24503540992737,-0.13146449424473344,8.333082060865856,-0.07790564159123044,0.0909484060986686,0.073900742829649,0.002837054846576134
48.450500611,48.34632682800293,-0.13390922258913424,8.33801601147073,-0.07438850027309159,0.09389913527401675,0.10405872705993098,-0.017939722519507578
48.516298072,48.44643568992615,-0.1354767921121465,8.342545541613397,-0.07430438414257973,0.07457093083359538,0.08519579608159525,-0.017593904482882696
48.639325424,48.54643225669861,-0.13783389157166243,8.34612318888633,-0.07451673271711305,0.0635752519231952,0.07655081923818338,-0.009740005906865202
48.751660667,48.645280599594116,-0.1351747510609989,8.345490517696518,-0.07475624026655782,0.05942723684806462,0.055616173597625614,-0.008279917806933544
48.803972595,48.74478054046631,-0.1373725999573515,8.34243320257076,-0.07355311445725576,0.03323713269093011,0.03971832228239954,-0.018575280677926388
48.965826696,48.84442639350891,-0.13856321711214384,8.341469746221007,-0.07307819934548157,0.017385829759368487,0.031654556680913486,-0.017901331746878944
49.066534221,48.94652080535889,-0.13670387196244024,8.339046604005546,-0.07216878522467479,0.025368575815132733,0.009287453485999056,-0.01188552545809632
49.151682739,49.04570150375366,-0.13913587141667683,8.337178336970187,-0.07420357703702274,0.02302816985308941,-0.006090906963948313,-0.030166882194720777
49.211121492,49.14654588699341,-0.13793021558814111,8.33602786443078,-0.07506576482497485,0.02289601521638096,-0.005118980608121825,-0.02426554651956123
49.355819437,49.2465660572052,-0.1399120577506787,8.333297313651716,-0.07377500206247743,0.014279257064092134,-0.008761823098380413,-0.01823840804989274
49.463821557,49.34548592567444,-0.13704773490092692,8.33112968888047,-0.07486530119995992,0.01817869425087153,-0.012737014767343182,-0.018269810960340395
49.532263399,49.446600675582886,-0.13814490937483354,8.329884195721403,-0.07531370968102209,0.024366636671841888,-0.014985510737658667,-0.019582286213970058
49.638089046,49.54618763923645,-0.13655384136894524,8.33038897299755,-0.07409736965961905,0.022105414877034792,-0.009865894699226076,-0.015566969800691489
49.700957255,49.64617443084717,-0.13820736648669205,8.328442216729556,-0.07326624330677105,0.01911812885011931,-0.01165626771579683,-0.015408073668685424
49.893445663,49.74492931365967,-0.13611090478679042,8.328674255710109,-0.0744184148614022,0.019930468751008214,-0.009184827639087182,-0.015127881129058463
49.910959913,49.84655261039734,-0.1356272330908163,8.328469854867684,-0.07521009219472018,0.010537071393379218,-0.007248704451594291,0.0032263624669991993
50.036424438,49.94550633430481,-0.14230536559628848,8.328399863171512,-0.07206694275269626,-0.0003490216245371032,-0.002605217445982109,0.007624743661917634
50.160628796,50.04664850234985,-0.1402527047956335,8.327424217207724,-0.0729824328884053,0.003688262946425389,-0.002918459262626389,0.004372356041577678
50.255599199,50.14648199081421,-0.14156755337454874,8.329060935513203,-0.07171649455586293,0.0017562299572329127,0.0015332474892971182,0.007740911704509997
50.314674757,50.245758295059204,-0.14050502051006628,8.329739300457208,-0.07127976039017093,0.004332055011596538,0.0027327359976150717,0.011370091017234702
50.438954263,50.346614360809326,-0.14233202931819325,8.33130905600688,-0.07122003502584524,0.0030375315871582847,0.007732161649911894,0.01011695449878666
50.59247022,50.44568967819214,-0.14025521792597176,8.332488810481934,-0.07192926761560099,0.006302701667441522,0.01026770305467832,0.008238955937582285
50.656876763,50.54659652709961,-0.14094935315758153,8.333085433589567,-0.07253886479000082,0.003918728826422535,0.00876885506637772,0.019655787122347633
50.726588945,50.64529085159302,-0.14119881405892257,8.332955382536191,-0.07134291343443032,0.003049358541554654,0.008231684115171996,0.014533386317267891
50.850833399,50.745200872421265,-0.14105928229229706,8.332506074420287,-0.07112527158156892,0.0045475693248285525,0.006230241960605817,0.013825970255982367
50.965284826,50.84529733657837,-0.14258671420593522,8.331297252256524,-0.0730844241412631,0.0038107161039039913,0.0038127563559335427,0.006715816240405841
51.00168181,50.94546151161194,-0.1437009084074953,8.331705876137029,-0.07322736631523051,0.001289413283600617,-0.0014256443190430509,0.004591463874774744
51.12381038,51.04555535316467,-0.13901169541637487,8.330598091301775,-0.07317014900852861,0.009108699274052558,-0.004996339508436794,0.005129317047411187
51.231188759,51.14585280418396,-0.14235384654860458,8.330343609475134,-0.07162981727619204,0.003589497093795013,-0.0009652816141690636,0.00677205616228084
51.347671033,51.24573636054993,-0.14056216300001362,8.330534412146132,-0.07172532375024857,0.005819707008698754,-0.0027123444522988748,0.007055091547566007
51.442687246,51.345683574676514,-0.14246503365390065,8.329738624014798,-0.07263700290190929,0.0041368885451858435,-0.003444395015001073,0.0031825580442792355
51.536713319,51.44564771652222,-0.14264346569535086,8.3294947158459,-0.07280752890886978,0.005089251788474192,-0.003894915001801875,0.0022717034392807497
51.641911835,51.545671463012695,-0.1395729616216904,8.327627953968165,-0.07383206987444821,0.009665160215740355,-0.006953988887450719,-0.0009450198041023372
51.784276356,51.64575910568237,-0.13990746624781072,8.328073918789148,-0.072474954334892,0.009515811221610862,-0.0045854421236395815,0.0021581345721295333
51.838352376,51.74569320678711,-0.1406516886664176,8.328185013375293,-0.0723484679011722,0.007752778123182643,-0.0038537874212376394,0.0008438320102172232
51.912686832,51.84578537940979,-0.13965533496726704,8.330067263700064,-0.07159165950688635,0.009606702541392563,0.0027977644143923563,0.0018040427712042245
52.01884464,51.94548797607422,-0.14048535032587725,8.329283740876141,-0.07243713599376374,0.0073127808704402586,0.0011199271004723034,5.155282630937452e-05
52.117625356,52.046735525131226,-0.13841883023799978,8.329350005849417,-0.0738655796744949,0.010449565752298627,0.0012120349162709706,-0.0030104242181964325
52.22453397,52.1459174156189,-0.1396432973927057,8.32977734651388,-0.07287048530068954,0.0072811127077992135,0.0033580754906722423,-0.0009547082468483574
52.366528077,52.245757818222046,-0.13864559601796878,8.329972529797802,-0.07233591578364026,0.008896763444950872,0.004848677784111276,0.0007758485520063643
52.445731168,52.346869230270386,-0.13958892259022493,8.330523639322315,-0.07126414242741738,0.007244699360414963,0.008008096111407216,0.0068087272144152665
52.532348187,52.44600057601929,-0.13983240321312293,8.329518228352459,-0.07323670036352417,0.006527094614517028,0.005313894781293562,0.0031407365778745922
52.604784875,52.54574227333069,-0.14139850777904692,8.331649803856205,-0.07287131404881696,0.004046984153070597,0.011485422414027346,0.004824029900196978
52.737004233,52.64528489112854,-0.14286969927275261,8.331564929557885,-0.07199253558422179,0.0021362227752816103,0.010803127694557496,0.006891774578614103
52.81983146,52.74511432647705,-0.13932294711305487,8.331778325654188,-0.07388392621293452,0.00826005853087329,0.00806642230111205,0.0022392503113958366
52.953202735,52.84593677520752,-0.1386889689692129,8.333675985724462,-0.07181940584216544,0.00901570379913302,0.01364786160188696,0.007234434279740248
53.003315834,52.94536519050598,-0.1384561450091672,8.334182658782531,-0.07185310752576904,0.009398507135788998,0.01209235296056096,0.0066471764739064595
53.156380389,53.045947790145874,-0.13943368098696782,8.334447754313459,-0.07146369638011289,0.007565159190082059,0.011297402872636537,0.007118070524455116
53.241401847,53.14607071876526,-0.1413485520211356,8.333343808225372,-0.07399421729838312,0.00418145195781738,0.006963958216786622,-1.9254063138378913e-05
53.328244934,53.24581170082092,-0.1402099554721421,8.334319112019335,-0.0732808929701299,0.006260040449194365,0.009909093338983146,0.0015755341146224237
53.415918902,53.346054792404175,-0.14340943333874273,8.333799903706991,-0.07129671354338145,0.0012031407416900372,0.008893290247173358,0.00631424560457842
53.645462814,53.445523500442505,-0.1400376998032976,8.332387377881185,-0.07365816122044913,0.0072558529470211535,0.002627130253716632,0.0007217600210896804
53.706892861,53.54518175125122,-0.1400337170075631,8.334061935829101,-0.07397383661678798,0.00723811537716602,0.00717582390035355,-0.0007833192700080204
