0.081305579,-9.210289716720581
0.08134277,-8.209595441818237
0.081357013,-7.21126651763916
0.081369367,-6.211128234863281
0.081380953,-5.20991325378418
0.081391867,-4.210026025772095
0.081403325,-3.208848476409912
0.08141456,-2.208441734313965
0.081425154,-1.2079575061798096
0.0814361,-0.21186113357543945
0.791452841,0.7902734279632568
1.791197813,1.791027545928955
2.791891173,2.791510581970215
3.791986937,3.791465997695923
4.792165845,4.791850328445435
5.79454317,5.79296088218689
6.791696166,6.791041851043701
7.79218773,7.791120290756226
8.793426505,8.79321837425232
9.799305202,9.798939228057861
10.793111497,10.792777061462402
11.79326712,11.792884111404419
12.794733424,12.79412317276001
13.794421694,13.79413390159607
14.792898021,14.79264497756958
15.794917499,15.79309892654419
16.793237105,16.792872428894043
17.795116217,17.79487133026123
18.795495538,18.794970512390137
19.796085903,19.795629024505615
20.793896581,20.793611764907837
21.794098659,21.793761491775513
22.7961579,22.794193983078003
23.797138208,23.796522855758667
24.795769641,24.79532480239868
25.801137895,25.800764799118042
26.796800208,26.79647421836853
27.796876834,27.796541452407837
28.795220386,28.794938564300537
29.795582225,29.79516315460205
30.79679553,30.796391248703003
31.796035056,31.795575380325317
32.797940662,32.79769253730774
33.798111192,33.79762649536133
34.79922841,34.798803091049194
35.797443391,35.797179222106934
36.797330819,36.79698920249939
37.7974293,37.797229051589966
38.801607215,38.8013014793396
39.796834778,39.79659676551819
40.79693839,40.796690940856934
41.798887474,41.7981493473053
42.798102054,42.79783248901367
43.797505682,43.79727864265442
44.799649361,44.799360036849976
45.797893885,45.79754900932312
46.798185424,46.79783320426941
47.798830749,47.79831123352051
48.798101106,48.797927379608154
49.800410925,49.79999923706055
50.799044012,50.79866576194763
51.79961751,51.799412965774536
52.799744038,52.799477338790894
