0.078257323,-9.565702676773071
0.078395013,-8.56501579284668
0.078410024,-7.5649638175964355
0.078419337,-6.565010070800781
0.078428075,-5.564887762069702
0.078436429,-4.565631151199341
0.078445454,-3.5666074752807617
0.078454448,-2.563242197036743
0.078462962,-1.5657401084899902
0.078471731,-0.563565731048584
0.436799474,0.4365084171295166
1.436283296,1.4360687732696533
2.437109628,2.436836004257202
3.43483972,3.4346251487731934
4.435717401,4.435443878173828
5.436894938,5.436655044555664
6.436345782,6.436091661453247
7.438130144,7.437869071960449
8.43707536,8.436768531799316
9.437965257,9.437712669372559
10.435950822,10.43578028678894
11.438064348,11.437855243682861
12.436130016,12.435948133468628
13.437541839,13.4373140335083
14.43779363,14.437601566314697
15.439202447,15.438931941986084
16.439820263,16.439565420150757
17.43968075,17.439407348632812
18.439971516,18.439617395401
19.439639802,19.439324617385864
20.439006692,20.438798666000366
21.440748881,21.440487146377563
22.440683494,22.44049382209778
23.439180396,23.43890070915222
24.438762105,24.43836283683777
25.441444747,25.440964221954346
26.440221897,26.440000772476196
27.440526239,27.4402437210083
28.440482958,28.440252780914307
29.441406072,29.441092491149902
30.440286687,30.43950343132019
31.44161536,31.44136619567871
32.442123027,32.441892862319946
33.441108006,33.44083023071289
34.442220928,34.441991090774536
35.442631817,35.442349672317505
36.440942876,36.440723180770874
37.440835584,37.440613746643066
38.442027878,38.4418089389801
39.442828728,39.44259214401245
40.442359431,40.44210076332092
41.44341341,41.443254232406616
42.441689454,42.441187620162964
43.444767388,43.44454550743103
44.44266995,44.442487478256226
45.443013702,45.442826986312866
46.443944781,46.44372081756592
47.444731803,47.444475412368774
48.443233441,48.44296908378601
49.443581393,49.443376302719116
50.445024692,50.44479417800903
51.447630134,51.44744253158569
52.444923009,52.444711685180664
53.44337893,53.443182945251465
