20.008101635,20.00778841972351,-0.16961679327596008,1.0844110943007894,1.0735136270523071,0.0,0.0,0.0,0.0,0.0,0.0,448.0,-0.0006598047912120819
20.058078196,20.057739973068237,-0.17312458669064784,1.147382342679123,1.0735136270523071,1.3457929412696612e-05,0.00012853190561838804,0.0,0.0,0.0,0.0,448.0,-0.0006598047912120819
20.108072328,20.107771396636963,-0.17566837908152177,1.1876444778057913,1.0735136270523071,7.684877316628704e-05,0.0007386069037148879,0.0,0.0,0.0,0.0,448.0,-0.0006598047912120819
20.1582037,20.157759428024292,-0.17672118618000984,1.1858074403392047,1.0735136270523071,0.00026163392424569955,0.0025393553230571614,0.0,0.0,0.0,0.0,448.0,-0.0006598047912120819
20.208140062,20.207780599594116,-0.17909191382033338,1.210649119473557,1.0735136270523071,0.00043925156726142857,0.00429214848515951,0.0,0.0,0.0,0.0,448.0,-0.0006598047912120819
20.258251495,20.257774114608765,-0.18163815838432837,1.1953652685946508,1.0735136270523071,0.0007783381295126812,0.007685618446208796,0.0,0.0,0.0,0.0,448.0,-0.0006598047912120819
20.308152554,20.307803869247437,-0.1839190883231242,1.2092211256436955,1.0735136270523071,0.001047882869061931,0.010422257227266375,0.0,0.0,0.0,0.0,448.0,-0.0006598047912120819
20.358275189,20.35778522491455,-0.18907136335048855,1.208347601426134,1.0735136270523071,0.0015088666094726848,0.015176475825870846,0.0,0.0,0.0,0.0,448.0,-0.0006598047912120819
20.408054883,20.407798767089844,-0.1923229379233385,1.217800575638063,1.0735136270523071,0.0018495189279702105,0.018747435120553834,0.0,0.0,0.0,0.0,448.0,-0.0006598047912120819
20.458211796,20.457807064056396,-0.19791108758806902,1.2257648316545138,1.0735136270523071,0.002402404883795877,0.02464627521996968,0.0,0.0,0.0,0.0,448.0,-0.0006598047912120819
20.508320828,20.50782084465027,-0.20146139804017368,1.2289322547905082,1.0735136270523071,0.0027948331564850116,0.028911291444194763,0.0,0.0,0.0,0.0,448.0,-0.0006598047912120819
20.558236546,20.5578351020813,-0.20794379329578877,1.2281156253041572,1.0735136270523071,0.0034137555446838532,0.035773758132477636,0.0,0.0,0.0,0.0,448.0,-0.0006598047912120819
20.608513224,20.607863426208496,-0.21089670771647004,1.2267722801447836,1.0735136270523071,0.0038389703537207373,0.04058884182771838,0.0,0.0,0.0,0.0,448.0,-0.0006598047912120819
20.658125081,20.6578369140625,-0.21772175806214175,1.2195718958255166,1.0735136270523071,0.004496616328340539,0.04820730306447425,0.0,0.0,0.0,0.0,448.0,-0.0006598047912120819
20.708517211,20.707870483398438,-0.22050332841505435,1.216001180609534,1.0735136270523071,0.004941259395012139,0.053484270485909306,0.0,0.0,0.0,0.0,448.0,-0.0006598047912120819
20.758141006,20.75784158706665,-0.22658921750077868,1.2045785985433892,1.0735136270523071,0.005613039782855146,0.061667639363696215,0.0,0.0,0.0,0.0,448.0,-0.0006598047912120819
20.808160103,20.807878017425537,-0.2287434781865729,1.1995511641132384,1.0735136270523071,0.0060620375205941626,0.06729168561046485,0.0,0.0,0.0,0.0,448.0,-0.0006598047912120819
20.858146394,20.85793161392212,-0.23409998478213373,1.1854922942536594,1.0735136270523071,0.006730782778858361,0.07592539510113178,0.0,0.0,0.0,0.0,448.0,-0.0006598047912120819
20.908464039,20.907884120941162,-0.2361228661417175,1.1773928571823928,1.0735136270523071,0.007170800566537273,0.08179356513453627,0.0,0.0,0.0,0.0,448.0,-0.0006598047912120819
20.95822357,20.957916259765625,-0.24057349579160922,1.1617744061846802,1.0735136270523071,0.007817478107085229,0.09072781370279408,0.0,0.0,0.0,0.0,448.0,-0.0006598047912120819
21.008236969,21.007923364639282,-0.24152861405273018,1.1551843227844318,1.0735136270523071,0.008237529952984548,0.09675675937173192,0.0,0.0,0.0,0.0,448.0,-0.0006598047912120819
21.058328399,21.057931423187256,-0.24547951062819978,1.139599752468453,1.0735136270523071,0.008825810407512163,0.10561578848304354,0.0,0.0,0.0,0.0,448.0,-0.0006598047912120819
21.108309921,21.108097314834595,-0.2498590343846677,1.133133688141009,1.0735136270523071,0.009123225078548142,0.11059359299439367,0.0,0.0,0.0,0.0,448.0,-0.0006598047912120819
21.158232616,21.1579270362854,-0.2507118840874225,1.1176143646759353,1.0735136270523071,0.009431976036259317,0.11676752634938772,0.0,0.0,0.0,0.0,448.0,-0.0006598047912120819
21.20822262,21.207930326461792,-0.25115379011641,1.111580444001642,1.0735136270523071,0.009561554088228943,0.12020243105784628,0.0,0.0,0.0,0.0,448.0,-0.0006598047912120819
21.25852471,21.257941246032715,-0.2555124372748693,1.1010023421098605,1.0735136270523071,0.00967205496144689,0.12477294166936652,0.0,0.0,0.0,0.0,448.0,-0.0006598047912120819
21.308252812,21.30795693397522,-0.2554963438863766,1.0991345852397378,1.0735136270523071,0.009702763117866865,0.12759382789343235,0.0,0.0,0.0,0.0,448.0,-0.0006598047912120819
21.360195541,21.359516143798828,-0.2587881163038768,1.100270483483623,1.0735136270523071,0.009705057090485572,0.13175332737122653,0.0,0.0,0.0,0.0,448.0,-0.0006598047912120819
21.408634745,21.40798282623291,-0.2585270606725979,1.0988908017860664,1.0735136270523071,0.009687705382051307,0.1346138823853654,0.0,0.0,0.0,0.0,448.0,-0.0006598047912120819
21.458618635,21.45828914642334,-0.2606132334844801,1.0995979793754578,1.0735136270523071,0.009647914683291813,0.13922211098857246,0.0,0.0,0.0,0.0,448.0,-0.0006598047912120819
21.508530193,21.507999658584595,-0.2601169770974421,1.0991970803808955,1.0735136270523071,0.009618853113409247,0.1425969809864318,0.0,0.0,0.0,0.0,448.0,-0.0006598047912120819
21.558614517,21.558003902435303,-0.26226552308042433,1.0995366080504976,1.0735136270523071,0.009579947104316656,0.14820850153394863,0.0,0.0,0.0,0.0,448.0,-0.0006598047912120819
21.608316406,21.608026027679443,-0.26089696308482047,1.0988304396300999,1.0735136270523071,0.009560210471890075,0.15235678955635415,0.0,0.0,0.0,0.0,448.0,-0.0006598047912120819
21.658316843,21.65798592567444,-0.26104291131802976,1.1057890117766556,1.0735136270523071,0.009542171961490334,0.1592088203970296,0.0,0.0,0.0,0.0,448.0,-0.0006598047912120819
21.709905886,21.709628105163574,-0.259005008060745,1.1064095325978798,1.0735136270523071,0.009537367975185857,0.16418553179758677,0.0,0.0,0.0,0.0,448.0,-0.0006598047912120819
21.758479195,21.758038759231567,-0.25709415759059634,1.1144503277686497,1.0735136270523071,0.00953708884825898,0.1722044279660628,0.0,0.0,0.0,0.0,448.0,-0.0006598047912120819
21.808501428,21.80806040763855,-0.2548732395089762,1.1173203629517903,1.0735136270523071,0.009537496465420042,0.17786315374136105,0.0,0.0,0.0,0.0,448.0,-0.0006598047912120819
21.858384341,21.85804533958435,-0.25324835143275987,1.1218913133553308,1.0735136270523071,0.009530579551104257,0.1866938734251749,0.0,0.0,0.0,0.0,448.0,-0.0006598047912120819
21.908597136,21.908058166503906,-0.25109163900350745,1.1260908378113936,1.0735136270523071,0.00951619563238896,0.19274536285787713,0.0,0.0,0.0,0.0,448.0,-0.0006598047912120819
21.958701368,21.95808219909668,-0.24989394235102255,1.1374546953680515,1.0735136270523071,0.009472394011031568,0.20195105704006738,0.0,0.0,0.0,0.0,448.0,-0.0006598047912120819
22.008566005,22.008098125457764,-0.24819536106825796,1.1428806271311367,1.0735136270523071,0.0094242499001085,0.2081193330900292,0.0,0.0,0.0,0.0,448.0,-0.0006598047912120819
22.059586077,22.058175086975098,-0.24515193016018896,1.1542203099006898,1.0735136270523071,0.009276328670113321,0.21676940383967008,0.0,0.0,0.0,0.0,448.0,-0.0006598047912120819
22.10912477,22.10880732536316,-0.24350051400935518,1.160903544096199,1.0735136270523071,0.008992375879334788,0.22035939042279695,0.0,0.0,0.0,0.0,448.0,-0.0006598047912120819
22.158442592,22.15812849998474,-0.24136979537908448,1.1681681210419324,1.0735136270523071,0.008288561466279131,0.22273947959709792,0.0,0.0,0.0,0.0,448.0,-0.0006598047912120819
22.209729335,22.209502696990967,-0.23933376077248683,1.176124222112447,1.0735136270523071,0.007664645925693314,0.2228708177135623,0.0,0.0,0.0,0.0,448.0,-0.0006598047912120819
22.258360797,22.258123636245728,-0.236994049452544,1.1851926958662022,1.0735136270523071,0.006542404395451994,0.22171336506685663,0.0,0.0,0.0,0.0,448.0,-0.0006598047912120819
22.308490857,22.308164596557617,-0.23581313718245883,1.1935712485082544,1.0735136270523071,0.0056950565268353015,0.22045834008654,0.0,0.0,0.0,0.0,448.0,-0.0006598047912120819
22.35839195,22.358158111572266,-0.23312693896296194,1.2061340717192677,1.0735136270523071,0.004313002066619881,0.21846181467403364,0.0,0.0,0.0,0.0,448.0,-0.0006598047912120819
22.408798602,22.40818214416504,-0.23150874194981308,1.2161759484595027,1.0735136270523071,0.0033365825704625225,0.21734699386617076,0.0,0.0,0.0,0.0,448.0,-0.0006598047912120819
22.459271602,22.458163499832153,-0.22812096692517128,1.2273593293813456,1.0735136270523071,0.001815503323377288,0.2163904084191115,0.0,0.0,0.0,0.0,448.0,-0.0006598047912120819
22.508469564,22.50814414024353,-0.22702702099776398,1.2387298125038346,1.0735136270523071,0.0007815739477850516,0.21639575854055365,0.0,0.0,0.0,0.0,448.0,-0.0006598047912120819
22.558568803,22.558173418045044,-0.22277118800967646,1.2473473674435482,1.0735136270523071,-0.0007869561794938744,0.21753864135677153,0.0,0.0,0.0,0.0,448.0,-0.0006598047912120819
22.611381059,22.608215808868408,-0.22213969846731146,1.2576961863499319,1.0735136270523071,-0.0018359281672136653,0.2190959557570595,0.0,0.0,0.0,0.0,448.0,-0.0006598047912120819
22.658748173,22.65826416015625,-0.2185277581377537,1.2689732724986333,1.0735136270523071,-0.0034037396565174427,0.2225779315473267,0.0,0.0,0.0,0.0,448.0,-0.0006598047912120819
22.709277001,22.708231687545776,-0.21812284309677793,1.2799051467167601,1.0735136270523071,-0.0044427970057111885,0.2255812190411481,0.0,0.0,0.0,0.0,448.0,-0.0006598047912120819
22.758692954,22.75825071334839,-0.21457415999401153,1.293769275759912,1.0735136270523071,-0.0059898002723074864,0.2309441080972081,0.0,0.0,0.0,0.0,448.0,-0.0006598047912120819
22.808878384,22.808241844177246,-0.2146691953365822,1.3053980646391234,1.0735136270523071,-0.007016870164207166,0.23501920263761567,0.0,0.0,0.0,0.0,448.0,-0.0006598047912120819
22.858794519,22.858224868774414,-0.2109754881170683,1.3171267488500722,1.0735136270523071,-0.008525732635745359,0.24163412538129247,0.0,0.0,0.0,0.0,448.0,-0.0006598047912120819
22.90873357,22.908244848251343,-0.21169609656692817,1.3299107653116022,1.0735136270523071,-0.009522888290633497,0.24635197052272148,0.0,0.0,0.0,0.0,448.0,-0.0006598047912120819
22.958514834,22.958240270614624,-0.20894611214509484,1.340383827491718,1.0735136270523071,-0.011000897304846791,0.2537476408673931,0.0,0.0,0.0,0.0,448.0,-0.0006598047912120819
23.008850371,23.008311986923218,-0.2096681392553796,1.3550619090075586,1.0735136270523071,-0.01196692969453507,0.25878346471542135,0.0,0.0,0.0,0.0,448.0,-0.0006598047912120819
23.058582282,23.05825448036194,-0.20754558716008337,1.3698703848050058,1.0735136270523071,-0.013384989462989862,0.2659077613450028,0.0,0.0,0.0,0.0,448.0,-0.0006598047912120819
23.108971523,23.108259916305542,-0.20897996387515508,1.384151490402422,1.0735136270523071,-0.014279641167280907,0.2686641863515816,0.0,0.0,0.0,0.0,448.0,-0.0006598047912120819
23.158562642,23.158278465270996,-0.20552587074409595,1.4004021173116645,1.0735136270523071,-0.015560850513176504,0.2699084108192055,0.0,0.0,0.0,0.0,448.0,-0.0006598047912120819
23.208640662,23.208351612091064,-0.2070183333358494,1.4142098592278205,1.0735136270523071,-0.01639498491057247,0.2692604283728229,0.0,0.0,0.0,0.0,448.0,-0.0006598047912120819
23.258512789,23.258268117904663,-0.20481047172313613,1.4228750210121313,1.0735136270523071,-0.017641281150150703,0.2667622247964538,0.0,0.0,0.0,0.0,448.0,-0.0006598047912120819
23.308568533,23.30831003189087,-0.2063684277712116,1.4390217846129423,1.0735136270523071,-0.018483488294507255,0.26443637529702924,0.0,0.0,0.0,0.0,448.0,-0.0006598047912120819
23.358636183,23.358349084854126,-0.20314974334977323,1.4525071735915909,1.0735136270523071,-0.01978275751063483,0.26049679125120834,0.0,0.0,0.0,0.0,448.0,-0.0006598047912120819
23.408598758,23.408337116241455,-0.20524280440593667,1.4666205235555902,1.0735136270523071,-0.02068345083873054,0.2578354367553266,0.0,0.0,0.0,0.0,448.0,-0.0006598047912120819
23.458555445,23.45830225944519,-0.20359669520948318,1.486897129693949,1.0735136270523071,-0.02209588011746687,0.25418437266089483,0.0,0.0,0.0,0.0,448.0,-0.0006598047912120819
23.508944046,23.508334636688232,-0.20589354253597994,1.501031075226378,1.0735136270523071,-0.023084018151738047,0.25215655311043794,0.0,0.0,0.0,0.0,448.0,-0.0006598047912120819
23.558729727,23.55833387374878,-0.20366652862802487,1.5103102261618016,1.0735136270523071,-0.024639500265176965,0.24996097612900653,0.0,0.0,0.0,0.0,448.0,-0.0006598047912120819
23.608896594,23.60835862159729,-0.20669541015976878,1.5267351571188266,1.0735136270523071,-0.025725356385279622,0.24915431365904894,0.0,0.0,0.0,0.0,448.0,-0.0006598047912120819
23.658580433,23.658347129821777,-0.20456438036485486,1.537122053858541,1.0735136270523071,-0.02742447019332057,0.24901336016143116,0.0,0.0,0.0,0.0,448.0,-0.0006598047912120819
23.708887207,23.7083797454834,-0.2073987496076469,1.552229144345784,1.0735136270523071,-0.02859946234625378,0.249637189151561,0.0,0.0,0.0,0.0,448.0,-0.0006598047912120819
23.758880732,23.758432865142822,-0.20527011227021003,1.564945375379346,1.0735136270523071,-0.030413724469393978,0.2515823246832889,0.0,0.0,0.0,0.0,448.0,-0.0006598047912120819
23.808740986,23.808446407318115,-0.20859877886571318,1.5814506066008864,1.0735136270523071,-0.031649824514144664,0.2534770010680622,0.0,0.0,0.0,0.0,448.0,-0.0006598047912120819
23.858786777,23.858392000198364,-0.20657656145245612,1.5922822577890547,1.0735136270523071,-0.03352679523273254,0.25706940967048925,0.0,0.0,0.0,0.0,448.0,-0.0006598047912120819
23.90881554,23.908448934555054,-0.21014620730207778,1.6091403608652906,1.0735136270523071,-0.034788559522578984,0.2598924352518901,0.0,0.0,0.0,0.0,448.0,-0.0006598047912120819
23.958933663,23.958434343338013,-0.20861704718272822,1.6182495961745884,1.0735136270523071,-0.036674705712079265,0.2646194453266186,0.0,0.0,0.0,0.0,448.0,-0.0006598047912120819
24.009000961,24.008456230163574,-0.2126944608581793,1.6353867075025832,1.0735136270523071,-0.03792660302892715,0.26804268667497166,0.0,0.0,0.0,0.0,448.0,-0.0006598047912120819
24.059125037,24.058501958847046,-0.21172602887630348,1.6458273986608076,1.0735136270523071,-0.039604339324630256,0.272672735671241,0.0,0.0,0.0,0.0,448.0,-0.0006598047912120819
24.108985579,24.10848593711853,-0.21514851934722345,1.6607364872856254,1.0735136270523071,-0.0400303343385814,0.2729392422305636,0.0,0.0,0.0,0.0,448.0,-0.0006598047912120819
24.158794241,24.158445119857788,-0.21609023087028184,1.6746613879484065,1.0735136270523071,-0.039678155266250424,0.2695670877797178,0.0,0.0,0.0,0.0,448.0,-0.0006598047912120819
24.20889108,24.20848035812378,-0.21934190149092628,1.6892912970364233,1.0735136270523071,-0.03894665017277694,0.26567298579744275,0.0,0.0,0.0,0.0,448.0,-0.0006598047912120819
24.25879627,24.25847816467285,-0.2191202027420675,1.7002903914915046,1.0735136270523071,-0.0373257695089802,0.25850584462658954,0.0,0.0,0.0,0.0,448.0,-0.0006598047912120819
24.308797125,24.308499813079834,-0.22233094863556785,1.7147086824163558,1.0735136270523071,-0.03602611577060227,0.2534964896532379,0.0,0.0,0.0,0.0,448.0,-0.0006598047912120819
24.358938836,24.35849404335022,-0.22199417494641663,1.7247675660978234,1.0735136270523071,-0.03391221348019907,0.2464412410584034,0.0,0.0,0.0,0.0,448.0,-0.0006598047912120819
24.408924712,24.408478260040283,-0.21945936530045704,1.7247769984493235,1.0735136270523071,-0.03248013507025653,0.2424399499974853,0.0,0.0,0.0,0.0,448.0,-0.0006598047912120819
24.458898842,24.458536386489868,-0.22468233427896642,1.7508465991385833,1.0735136270523071,-0.030409596621868044,0.23795890730953473,0.0,0.0,0.0,0.0,448.0,-0.0006598047912120819
24.508723474,24.508498430252075,-0.2211604848228272,1.7475349019662962,1.0735136270523071,-0.029128129861665207,0.2361491643004285,0.0,0.0,0.0,0.0,448.0,-0.0006598047912120819
24.559022748,24.558523416519165,-0.22642760400118167,1.7754159684313102,1.0735136270523071,-0.027406661053594534,0.2352948356413161,0.0,0.0,0.0,0.0,448.0,-0.0006598047912120819
24.608825168,24.608543395996094,-0.22881835622302127,1.7900912109104308,1.0735136270523071,-0.02640380662930282,0.23590727265008887,0.0,0.0,0.0,0.0,448.0,-0.0006598047912120819
24.658916343,24.658560037612915,-0.22859655986520555,1.803058514652482,1.0735136270523071,-0.025113953700360785,0.23836934585569125,0.0,0.0,0.0,0.0,448.0,-0.0006598047912120819
24.708735929,24.708528995513916,-0.22607753711081313,1.8000066492967104,1.0735136270523071,-0.02439304601985463,0.24089622071688477,0.0,0.0,0.0,0.0,448.0,-0.0006598047912120819
24.758895083,24.75854182243347,-0.23055708638735184,1.829022980345643,1.0735136270523071,-0.02351296900782784,0.24578461939080454,0.0,0.0,0.0,0.0,448.0,-0.0006598047912120819
24.808827543,24.80856418609619,-0.2330711458400469,1.8470653172287645,1.0735136270523071,-0.023056516713027105,0.24965005856567007,0.0,0.0,0.0,0.0,448.0,-0.0006598047912120819
24.85899982,24.858563899993896,-0.23174787670555874,1.8583816735335834,1.0735136270523071,-0.022562076938479628,0.2561375544219862,0.0,0.0,0.0,0.0,448.0,-0.0006598047912120819
24.908867052,24.908592700958252,-0.2335883424416618,1.8740469975696186,1.0735136270523071,-0.022354768340824168,0.2608162368418174,0.0,0.0,0.0,0.0,448.0,-0.0006598047912120819
24.959134001,24.958600997924805,-0.23224658218991362,1.8851436461449664,1.0735136270523071,-0.022221186414347067,0.26818725189463183,0.0,0.0,0.0,0.0,448.0,-0.0006598047912120819
25.009042681,25.008682250976562,-0.233889783290125,1.9011825093933534,1.0735136270523071,-0.022246939288036834,0.2732355093470701,0.0,0.0,0.0,0.0,448.0,-0.0006598047912120819
25.05898615,25.05858540534973,-0.23237038088452294,1.909864727262348,1.0735136270523071,-0.022422322009765884,0.2803053909150471,0.0,0.0,0.0,0.0,448.0,-0.0006598047912120819
25.108876234,25.108625173568726,-0.2341021234013632,1.9292875887116883,1.0735136270523071,-0.02253357979528219,0.2828331739552052,0.0,0.0,0.0,0.0,448.0,-0.0006598047912120819
25.158816087,25.15859317779541,-0.2341157219473502,1.94096491563061,1.0735136270523071,-0.022701443659374643,0.2834941168573842,0.0,0.0,0.0,0.0,448.0,-0.0006598047912120819
25.208984651,25.20867371559143,-0.2352874873768912,1.9577727662104984,1.0735136270523071,-0.022840295848930634,0.28232357161813315,0.0,0.0,0.0,0.0,448.0,-0.0006598047912120819
25.258876015,25.25861883163452,-0.23512309941848877,1.9679812305941162,1.0735136270523071,-0.0231286663890946,0.27889735528426696,0.0,0.0,0.0,0.0,448.0,-0.0006598047912120819
25.308916045,25.308691024780273,-0.23597825569261943,1.9859738886430585,1.0735136270523071,-0.023394559899495054,0.2758866832354919,0.0,0.0,0.0,0.0,448.0,-0.0006598047912120819
25.358910148,25.358683109283447,-0.23602967131673483,1.9962189405389474,1.0735136270523071,-0.023933153258012194,0.2708644256504418,0.0,0.0,0.0,0.0,448.0,-0.0006598047912120819
25.409072183,25.4087176322937,-0.2366752913045465,2.0136719351815033,1.0735136270523071,-0.02440014895924871,0.2674666977515826,0.0,0.0,0.0,0.0,448.0,-0.0006598047912120819
25.458882317,25.45865774154663,-0.23728067121082602,2.0219422891818524,1.0735136270523071,-0.025278773520870074,0.26273400281744,0.0,0.0,0.0,0.0,448.0,-0.0006598047912120819
25.508884484,25.50870394706726,-0.23787668161551678,2.01519650406479,1.0735136270523071,-0.02599214005701668,0.26001203431892317,0.0,0.0,0.0,0.0,448.0,-0.0006598047912120819
25.559203571,25.558849096298218,-0.23887643454285354,2.048770717822942,1.0735136270523071,-0.027262387711947462,0.25683725264244756,0.0,0.0,0.0,0.0,448.0,-0.0006598047912120819
25.608930651,25.608705282211304,-0.2394827171437354,2.064515015392592,1.0735136270523071,-0.028244181770604577,0.2554314599539,0.0,0.0,0.0,0.0,448.0,-0.0006598047912120819
25.658998942,25.658679723739624,-0.2406188558328109,2.071404309879752,1.0735136270523071,-0.029916120497151134,0.25448648897019094,0.0,0.0,0.0,0.0,448.0,-0.0006598047912120819
25.709533692,25.708733797073364,-0.24148360731176657,2.086435515949842,1.0735136270523071,-0.031159956011103072,0.2546411133757486,0.0,0.0,0.0,0.0,448.0,-0.0006598047912120819
25.758977844,25.758699417114258,-0.24249714100355363,2.0953851333175733,1.0735136270523071,-0.0332052515027203,0.25598468403633085,0.0,0.0,0.0,0.0,448.0,-0.0006598047912120819
25.809132742,25.8088116645813,-0.24362754898799988,2.1134329895628117,1.0735136270523071,-0.03467896934568825,0.25754102644675814,0.0,0.0,0.0,0.0,448.0,-0.0006598047912120819
25.859164868,25.858724117279053,-0.24587145338041877,2.119990487315204,1.0735136270523071,-0.037034566189058565,0.260703535230305,0.0,0.0,0.0,0.0,448.0,-0.0006598047912120819
25.909248874,25.90877866744995,-0.24746616590506754,2.1380181750439187,1.0735136270523071,-0.03869155020570095,0.2632741590366605,0.0,0.0,0.0,0.0,448.0,-0.0006598047912120819
25.959043199,25.958786725997925,-0.24946875759026854,2.14368478340052,1.0735136270523071,-0.04128946228721185,0.26767721820185764,0.0,0.0,0.0,0.0,448.0,-0.0006598047912120819
26.009102305,26.008789539337158,-0.2513404775914446,2.1592879688302276,1.0735136270523071,-0.043088111212838516,0.2708995194690379,0.0,0.0,0.0,0.0,448.0,-0.0006598047912120819
26.059475705,26.058767557144165,-0.2543556473037753,2.170084230976754,1.0735136270523071,-0.04573951808636402,0.27534513891031565,0.0,0.0,0.0,0.0,448.0,-0.0006598047912120819
26.109455405,26.108834266662598,-0.2566980702474125,2.1859879892018688,1.0735136270523071,-0.047084199958991955,0.2758758830469869,0.0,0.0,0.0,0.0,448.0,-0.0006598047912120819
26.159335121,26.15878963470459,-0.26165927501265257,2.2174003580733195,1.0735136270523071,-0.04853725962140529,0.27332427017926375,0.0,0.0,0.0,0.0,448.0,-0.0006598047912120819
26.209087614,26.208786010742188,-0.26166797416526355,2.1903661952583167,1.0735136270523071,-0.04925825361463937,0.270063114649194,0.0,0.0,0.0,0.0,448.0,-0.0006598047912120819
26.259048431,26.25880789756775,-0.2674142699531995,2.2208929597929012,1.0735136270523071,-0.0501698617023192,0.2638062168397736,0.0,0.0,0.0,0.0,448.0,-0.0006598047912120819
26.309333816,26.308828115463257,-0.27093167768230625,2.2397793707395195,1.0735136270523071,-0.05076046785364503,0.2592443581138624,0.0,0.0,0.0,0.0,448.0,-0.0006598047912120819
26.35911041,26.358797073364258,-0.2751576957236217,2.249141649135941,1.0735136270523071,-0.051764028743430855,0.2525412718972087,0.0,0.0,0.0,0.0,448.0,-0.0006598047912120819
26.409139463,26.40883231163025,-0.2783789613314988,2.2647112266294323,1.0735136270523071,-0.05257867416511605,0.24851468557152234,0.0,0.0,0.0,0.0,448.0,-0.0006598047912120819
26.45918423,26.458806037902832,-0.2822177776253806,2.274098580935712,1.0735136270523071,-0.05410769923945434,0.24359943088674077,0.0,0.0,0.0,0.0,448.0,-0.0006598047912120819
26.509301298,26.508868932724,-0.2858938037655295,2.2927552771653983,1.0735136270523071,-0.05536754295264541,0.24126408905108992,0.0,0.0,0.0,0.0,448.0,-0.0006598047912120819
26.558980755,26.558821201324463,-0.28907605917727475,2.300601190419346,1.0735136270523071,-0.05765195787498022,0.23936685706678731,0.0,0.0,0.0,0.0,448.0,-0.0006598047912120819
26.609042005,26.608851432800293,-0.29079477216952465,2.29304821549978,1.0735136270523071,-0.059443274240298716,0.23920613005058988,0.0,0.0,0.0,0.0,448.0,-0.0006598047912120819
26.659148032,26.658868312835693,-0.2962699455258885,2.321909445504443,1.0735136270523071,-0.06251128653397332,0.2405448406347708,0.0,0.0,0.0,0.0,448.0,-0.0006598047912120819
26.709023917,26.708842992782593,-0.2975238817634336,2.3181116027714816,1.0735136270523071,-0.06478514202089046,0.2423700605033526,0.0,0.0,0.0,0.0,448.0,-0.0006598047912120819
26.759177088,26.75889563560486,-0.30284362914622126,2.3471352278027875,1.0735136270523071,-0.06848018197326734,0.24623823904159478,0.0,0.0,0.0,0.0,448.0,-0.0006598047912120819
26.809222241,26.808919191360474,-0.3064060250552968,2.366479444708188,1.0735136270523071,-0.07110010784946512,0.24941920654576702,0.0,0.0,0.0,0.0,448.0,-0.0006598047912120819
26.859274947,26.85891580581665,-0.31005337468964816,2.3796968807464665,1.0735136270523071,-0.07521013427112938,0.25485018215475214,0.0,0.0,0.0,0.0,448.0,-0.0006598047912120819
26.909266042,26.908929109573364,-0.313516776739297,2.396018719600411,1.0735136270523071,-0.07805421417620925,0.2587981947478973,0.0,0.0,0.0,0.0,448.0,-0.0006598047912120819
26.95928351,26.958946228027344,-0.31813414952821495,2.4025243916455867,1.0735136270523071,-0.08238228046521176,0.2649386327462768,0.0,0.0,0.0,0.0,448.0,-0.0006598047912120819
27.009357947,27.008971691131592,-0.322461866702952,2.4219336079211926,1.0735136270523071,-0.08531002321039058,0.26910516169383203,0.0,0.0,0.0,0.0,448.0,-0.0006598047912120819
27.059257699,27.05894136428833,-0.32780556456070775,2.428466834235247,1.0735136270523071,-0.08949688160807025,0.2746858948264036,0.0,0.0,0.0,0.0,448.0,-0.0006598047912120819
27.109355436,27.108981132507324,-0.3322148246316854,2.446630534726852,1.0735136270523071,-0.09144710388006963,0.2760334683517107,0.0,0.0,0.0,0.0,448.0,-0.0006598047912120819
27.159198218,27.15896487236023,-0.33763835999255315,2.4612775321115166,1.0735136270523071,-0.09320940022015066,0.2748043094025865,0.0,0.0,0.0,0.0,448.0,-0.0006598047912120819
27.209463825,27.209001064300537,-0.3422114386996458,2.4776600209045356,1.0735136270523071,-0.09382360814932707,0.27242838329757274,0.0,0.0,0.0,0.0,448.0,-0.0006598047912120819
27.259246884,27.2589693069458,-0.3474240444860278,2.4896439479592156,1.0735136270523071,-0.09423016617019292,0.2674501408106624,0.0,0.0,0.0,0.0,448.0,-0.0006598047912120819
27.309429724,27.309006690979004,-0.3522562345340929,2.5061099756196548,1.0735136270523071,-0.09432249544149451,0.26366732981662855,0.0,0.0,0.0,0.0,448.0,-0.0006598047912120819
27.359264537,27.35896325111389,-0.35824804326868415,2.5156401863218902,1.0735136270523071,-0.09443352997517566,0.25797243427107097,0.0,0.0,0.0,0.0,448.0,-0.0006598047912120819
27.40952131,27.409024953842163,-0.363303842857748,2.5319195706200226,1.0735136270523071,-0.09460426871052607,0.25449723888289594,0.0,0.0,0.0,0.0,448.0,-0.0006598047912120819
27.459528056,27.459004163742065,-0.3695403407713347,2.5448674267621105,1.0735136270523071,-0.09516029406522934,0.25021581756951217,0.0,0.0,0.0,0.0,448.0,-0.0006598047912120819
27.50932411,27.50903081893921,-0.37529648744527205,2.564075318290945,1.0735136270523071,-0.09579624149993059,0.2481766275646339,0.0,0.0,0.0,0.0,448.0,-0.0006598047912120819
27.559279039,27.55900740623474,-0.3804891634084643,2.5728221329342302,1.0735136270523071,-0.09721724199920492,0.2465529326915988,0.0,0.0,0.0,0.0,448.0,-0.0006598047912120819
27.609452661,27.609108924865723,-0.3858428745921154,2.5899196621943528,1.0735136270523071,-0.09849216047294145,0.24648172758862183,0.0,0.0,0.0,0.0,448.0,-0.0006598047912120819
27.659310774,27.65901803970337,-0.3910218845785492,2.601166086035526,1.0735136270523071,-0.10087852865512514,0.24786696469074695,0.0,0.0,0.0,0.0,448.0,-0.0006598047912120819
27.709332253,27.709015130996704,-0.3920263025691112,2.59634541636704,1.0735136270523071,-0.10275200713956688,0.24970149215232568,0.0,0.0,0.0,0.0,448.0,-0.0006598047912120819
27.759463245,27.759055614471436,-0.40244620359411565,2.628988404494645,1.0735136270523071,-0.10588611414084778,0.25356290164171896,0.0,0.0,0.0,0.0,448.0,-0.0006598047912120819
27.809396988,27.8090398311615,-0.40775198315668226,2.644216960828109,1.0735136270523071,-0.10812472841698993,0.25670068269277585,0.0,0.0,0.0,0.0,448.0,-0.0006598047912120819
27.859306502,27.859055519104004,-0.41251436437232114,2.6545950632376467,1.0735136270523071,-0.11159796812238983,0.26196898036916666,0.0,0.0,0.0,0.0,448.0,-0.0006598047912120819
27.909430293,27.909127712249756,-0.41798335721599555,2.6694256407744104,1.0735136270523071,-0.11393306568163293,0.26570573445518764,0.0,0.0,0.0,0.0,448.0,-0.0006598047912120819
27.959464405,27.959129571914673,-0.4243376907774725,2.681071662766658,1.0735136270523071,-0.11737337456208849,0.27141128132337977,0.0,0.0,0.0,0.0,448.0,-0.0006598047912120819
28.009459502,28.009138345718384,-0.4300049258455658,2.6953880621511654,1.0735136270523071,-0.11958249221483525,0.27516745153872485,0.0,0.0,0.0,0.0,448.0,-0.0006598047912120819
28.059548279,28.05907893180847,-0.43993856423602523,2.720500225291334,1.0735136270523071,-0.12236661340352338,0.27973507250820806,0.0,0.0,0.0,0.0,448.0,-0.0006598047912120819
28.109708428,28.109081983566284,-0.4416861079557552,2.7140837688071673,1.0735136270523071,-0.12284845002474035,0.27953389805384443,0.0,0.0,0.0,0.0,448.0,-0.0006598047912120819
28.159393968,28.159141302108765,-0.4479242704486171,2.72381455640823,1.0735136270523071,-0.12184009069203168,0.27504589440788174,0.0,0.0,0.0,0.0,448.0,-0.0006598047912120819
28.209474808,28.209176540374756,-0.45445390495017,2.739433300831629,1.0735136270523071,-0.12042869920448593,0.2702176045903375,0.0,0.0,0.0,0.0,448.0,-0.0006598047912120819
28.260147333,28.2591609954834,-0.46033228806322257,2.7460130109829053,1.0735136270523071,-0.11781636089126445,0.26163793471612895,0.0,0.0,0.0,0.0,448.0,-0.0006598047912120819
28.309504689,28.30919122695923,-0.46618753156970116,2.7590302165959906,1.0735136270523071,-0.11604136903118377,0.25571400705299635,0.0,0.0,0.0,0.0,448.0,-0.0006598047912120819
28.359395864,28.359142780303955,-0.4770093409589477,2.782782775833966,1.0735136270523071,-0.11374632133509084,0.24750635849742506,0.0,0.0,0.0,0.0,448.0,-0.0006598047912120819
28.409484865,28.409197330474854,-0.4783818622410873,2.7800891527802807,1.0735136270523071,-0.11264214988630844,0.2429157394764976,0.0,0.0,0.0,0.0,448.0,-0.0006598047912120819
28.459462103,28.459205150604248,-0.48492215298794067,2.7876512587871205,1.0735136270523071,-0.11183995281288336,0.23788109751246336,0.0,0.0,0.0,0.0,448.0,-0.0006598047912120819
28.509492374,28.509197235107422,-0.4919815474049595,2.8020225533469696,1.0735136270523071,-0.11194116995338291,0.23593660946710146,0.0,0.0,0.0,0.0,448.0,-0.0006598047912120819
28.559459626,28.559229612350464,-0.4970924945180989,2.8081391863794325,1.0735136270523071,-0.11306203276389573,0.2352164700576462,0.0,0.0,0.0,0.0,448.0,-0.0006598047912120819
28.609545779,28.60922622680664,-0.5033140856913013,2.8204756819110823,1.0735136270523071,-0.11440520693520585,0.23611913425156564,0.0,0.0,0.0,0.0,448.0,-0.0006598047912120819
28.659534699,28.659168243408203,-0.5085625957635257,2.832568404308752,1.0735136270523071,-0.11714086892783657,0.23920728552190249,0.0,0.0,0.0,0.0,448.0,-0.0006598047912120819
28.709660069,28.70930814743042,-0.5151230003914286,2.844914198859896,1.0735136270523071,-0.11932678203657131,0.2421855893560237,0.0,0.0,0.0,0.0,448.0,-0.0006598047912120819
28.761675639,28.761396646499634,-0.5215310097468129,2.8549503893934634,1.0735136270523071,-0.12295646936285526,0.24765099548207142,0.0,0.0,0.0,0.0,448.0,-0.0006598047912120819
28.809497823,28.80923891067505,-0.529342813606337,2.869369518627008,1.0735136270523071,-0.12551070089175392,0.251762208113699,0.0,0.0,0.0,0.0,448.0,-0.0006598047912120819
28.859416588,28.859228134155273,-0.5351681609756493,2.8783027242258292,1.0735136270523071,-0.12938041811935694,0.2583114730245643,0.0,0.0,0.0,0.0,448.0,-0.0006598047912120819
28.909965445,28.90926480293274,-0.5422804038632254,2.8917383007614124,1.0735136270523071,-0.13190697547520902,0.2627782428087312,0.0,0.0,0.0,0.0,448.0,-0.0006598047912120819
28.959490255,28.959257125854492,-0.5472450394380399,2.902839947563682,1.0735136270523071,-0.1354824539469997,0.26937210232840514,0.0,0.0,0.0,0.0,448.0,-0.0006598047912120819
29.009875531,29.0093252658844,-0.5547359142210383,2.9171957233878247,1.0735136270523071,-0.13765825142784477,0.27357384457681133,0.0,0.0,0.0,0.0,448.0,-0.0006598047912120819
29.059619291,29.059295892715454,-0.56082215784675,2.9313023674086143,1.0735136270523071,-0.14016992121700036,0.278773450629889,0.0,0.0,0.0,0.0,448.0,-0.0006598047912120819
29.10986592,29.109314441680908,-0.5687756152207585,2.946551344916144,1.0735136270523071,-0.14023481279809522,0.27947833949339324,0.0,0.0,0.0,0.0,448.0,-0.0006598047912120819
29.159945704,29.15929889678955,-0.5749845098166669,2.956954212519091,1.0735136270523071,-0.1381699282975359,0.2769273796206336,0.0,0.0,0.0,0.0,448.0,-0.0006598047912120819
29.209698361,29.2093403339386,-0.5844827704571874,2.975599563674276,1.0735136270523071,-0.13574184962081884,0.27357820522384246,0.0,0.0,0.0,0.0,448.0,-0.0006598047912120819
29.259682481,29.25934624671936,-0.5902624715481513,2.987715364271759,1.0735136270523071,-0.1311106946895445,0.2672205264607949,0.0,0.0,0.0,0.0,448.0,-0.0006598047912120819
29.309797952,29.309348821640015,-0.5973098100843641,3.0021546514507667,1.0735136270523071,-0.1276635751129573,0.26266930765001123,0.0,0.0,0.0,0.0,448.0,-0.0006598047912120819
29.359661828,29.35932755470276,-0.6021794628553717,3.015952644922199,1.0735136270523071,-0.12237418521650424,0.2561859736732319,0.0,0.0,0.0,0.0,448.0,-0.0006598047912120819
29.40965955,29.409409761428833,-0.6098748312508806,3.0323957285779692,1.0735136270523071,-0.11897259608758116,0.25248090007426555,0.0,0.0,0.0,0.0,448.0,-0.0006598047912120819
29.459830263,29.459343194961548,-0.6248819932790817,3.065716117888517,1.0735136270523071,-0.11431829699750656,0.24834614511749986,0.0,0.0,0.0,0.0,448.0,-0.0006598047912120819
29.509609964,29.509368658065796,-0.6220657571315433,3.0602625007776694,1.0735136270523071,-0.11162004331993712,0.2467370822526039,0.0,0.0,0.0,0.0,448.0,-0.0006598047912120819
29.559571392,29.55935025215149,-0.6280323258049094,3.0739695130866345,1.0735136270523071,-0.10828171031989733,0.2462290588269675,0.0,0.0,0.0,0.0,448.0,-0.0006598047912120819
29.60963623,29.6094172000885,-0.6351168731974123,3.09031347277581,1.0735136270523071,-0.10654413342625628,0.24717368182828728,0.0,0.0,0.0,0.0,448.0,-0.0006598047912120819
29.659586393,29.659377813339233,-0.6380428512668888,3.0985908077465556,1.0735136270523071,-0.10460602216218852,0.2503758894692866,0.0,0.0,0.0,0.0,448.0,-0.0006598047912120819
29.709730775,29.709385633468628,-0.6359502629381836,3.0951148899377157,1.0735136270523071,-0.1036772339338125,0.2535312300010949,0.0,0.0,0.0,0.0,448.0,-0.0006598047912120819
29.759661992,29.7593731880188,-0.6488490054771493,3.1270862613728143,1.0735136270523071,-0.10264913603504454,0.25941888532945717,0.0,0.0,0.0,0.0,448.0,-0.0006598047912120819
29.809734992,29.809433460235596,-0.65569553016333,3.143820563784621,1.0735136270523071,-0.10210645267217063,0.26390572533822243,0.0,0.0,0.0,0.0,448.0,-0.0006598047912120819
29.859936207,29.85939621925354,-0.6581912464472893,3.1504661325770225,1.0735136270523071,-0.10135047891495523,0.2711528472621482,0.0,0.0,0.0,0.0,448.0,-0.0006598047912120819
29.909777264,29.909476280212402,-0.6657772004829944,3.169315768665926,1.0735136270523071,-0.10080320896378742,0.27616192601233136,0.0,0.0,0.0,0.0,448.0,-0.0006598047912120819
29.959639349,29.959444046020508,-0.6690060488124019,3.180455608154945,1.0735136270523071,-0.09979543634269845,0.2836684334424203,0.0,0.0,0.0,0.0,448.0,-0.0006598047912120819
30.009708989,30.009445905685425,-0.6660209680771918,3.1764761415145792,1.0735136270523071,-0.0989351959924833,0.28854484790241236,0.0,0.0,0.0,0.0,448.0,-0.0006598047912120819
30.059716923,30.059438228607178,-0.6772420440346273,3.2049191237676604,1.0735136270523071,-0.09721341343008606,0.294101936533072,0.0,0.0,0.0,0.0,448.0,-0.0006598047912120819
30.109837739,30.10951066017151,-0.6846081372216938,3.2234424421811467,1.0735136270523071,-0.09565938013795922,0.29247441413774694,0.0,0.0,0.0,0.0,448.0,-0.0006598047912120819
30.159670667,30.15943717956543,-0.6887037865017311,3.237439356032284,1.0735136270523071,-0.09314535420334533,0.2834809966236902,0.0,0.0,0.0,0.0,448.0,-0.0006598047912120819
30.209810655,30.20948553085327,-0.6947795871855182,3.2528100558785344,1.0735136270523071,-0.09160568248377204,0.2748531403995095,0.0,0.0,0.0,0.0,448.0,-0.0006598047912120819
30.259762131,30.259501218795776,-0.699794217680544,3.2661110919599925,1.0735136270523071,-0.0898334783219857,0.26044274562717706,0.0,0.0,0.0,0.0,448.0,-0.0006598047912120819
30.30979695,30.309504747390747,-0.7060309878386641,3.2809156379141253,1.0735136270523071,-0.08914441954845567,0.2510368263629561,0.0,0.0,0.0,0.0,448.0,-0.0006598047912120819
30.359753066,30.359503269195557,-0.7094917100313944,3.2893290209026587,1.0735136270523071,-0.08897190360170928,0.23875786947956804,0.0,0.0,0.0,0.0,448.0,-0.0006598047912120819
30.409826419,30.409529209136963,-0.7156711116843905,3.3032940161357613,1.0735136270523071,-0.0894412095784482,0.23241764644629598,0.0,0.0,0.0,0.0,448.0,-0.0006598047912120819
30.459860373,30.45956254005432,-0.7209017756041671,3.312417090091084,1.0735136270523071,-0.09093251994762525,0.22626151067040573,0.0,0.0,0.0,0.0,448.0,-0.0006598047912120819
30.51014973,30.50960063934326,-0.7268609538842052,3.3252667343721227,1.0735136270523071,-0.09233845444492933,0.22445808648036822,0.0,0.0,0.0,0.0,448.0,-0.0006598047912120819
30.559816134,30.559569597244263,-0.7311387892753015,3.3312536524129035,1.0735136270523071,-0.09479355591203359,0.22486717169555048,0.0,0.0,0.0,0.0,448.0,-0.0006598047912120819
30.609901009,30.60956835746765,-0.7374601797463465,3.3439383699377214,1.0735136270523071,-0.09636661793810505,0.22671666849874678,0.0,0.0,0.0,0.0,448.0,-0.0006598047912120819
30.659763478,30.659552097320557,-0.7411780033305717,3.3504780101680613,1.0735136270523071,-0.09838543289532001,0.23115465006352381,0.0,0.0,0.0,0.0,448.0,-0.0006598047912120819
30.712242976,30.71148109436035,-0.7482696655526843,3.3641738305999342,1.0735136270523071,-0.0992907476480058,0.2347872243775666,0.0,0.0,0.0,0.0,448.0,-0.0006598047912120819
30.76002167,30.759562969207764,-0.7508679097839642,3.369030127215502,1.0735136270523071,-0.0997310060575276,0.24064600372678246,0.0,0.0,0.0,0.0,448.0,-0.0006598047912120819
30.810804424,30.810494899749756,-0.7579026385428279,3.382358010394678,1.0735136270523071,-0.09929642449588917,0.24452635848971782,0.0,0.0,0.0,0.0,448.0,-0.0006598047912120819
30.859774136,30.85957169532776,-0.7611104830334824,3.3874263524469486,1.0735136270523071,-0.09738511655299344,0.24996533479967384,0.0,0.0,0.0,0.0,448.0,-0.0006598047912120819
30.910111342,30.909640073776245,-0.7679601632267288,3.40024157820599,1.0735136270523071,-0.09526066638109788,0.2530748588218936,0.0,0.0,0.0,0.0,448.0,-0.0006598047912120819
30.959820123,30.959591150283813,-0.7713555421981015,3.4078087750809467,1.0735136270523071,-0.090730172283875,0.25687743617836484,0.0,0.0,0.0,0.0,448.0,-0.0006598047912120819
31.009828346,31.00961136817932,-0.778648024304967,3.421097593808182,1.0735136270523071,-0.08681890170842911,0.2587772260780073,0.0,0.0,0.0,0.0,448.0,-0.0006598047912120819
31.059892578,31.05960726737976,-0.7819192129858181,3.4302138194481184,1.0735136270523071,-0.07974344118558929,0.2602832388685576,0.0,0.0,0.0,0.0,448.0,-0.0006598047912120819
31.109934567,31.109655380249023,-0.7803770397920861,3.4302930416017214,1.0735136270523071,-0.07450386135553118,0.25929447213112516,0.0,0.0,0.0,0.0,448.0,-0.0006598047912120819
31.159850422,31.159624099731445,-0.7903609533879041,3.4508982010845672,1.0735136270523071,-0.06602302036957634,0.2552657166801452,0.0,0.0,0.0,0.0,448.0,-0.0006598047912120819
31.210043925,31.20965600013733,-0.7960265679745906,3.4633337860717988,1.0735136270523071,-0.06007945558411813,0.2514084068965641,0.0,0.0,0.0,0.0,448.0,-0.0006598047912120819
31.25985429,31.259624481201172,-0.7988572179060316,3.475855421685125,1.0735136270523071,-0.05087073296412069,0.24465095936106088,0.0,0.0,0.0,0.0,448.0,-0.0006598047912120819
31.310324991,31.30974507331848,-0.8036719650388384,3.4881236172720107,1.0735136270523071,-0.04461695155480931,0.23990256505295218,0.0,0.0,0.0,0.0,448.0,-0.0006598047912120819
31.359901238,31.35965895652771,-0.8059428960010271,3.499941823841607,1.0735136270523071,-0.03517979406341326,0.23300247633330762,0.0,0.0,0.0,0.0,448.0,-0.0006598047912120819
31.410094484,31.409719467163086,-0.811305481198164,3.5147085692919684,1.0735136270523071,-0.028909985307286425,0.22883586986401813,0.0,0.0,0.0,0.0,448.0,-0.0006598047912120819
31.459930742,31.45967721939087,-0.8094935001372447,3.52456484945942,1.0735136270523071,-0.019615385086585155,0.22361945519401583,0.0,0.0,0.0,0.0,448.0,-0.0006598047912120819
31.509968474,31.509716987609863,-0.8134434337505787,3.538515855566906,1.0735136270523071,-0.01353689210033112,0.2210001584201404,0.0,0.0,0.0,0.0,448.0,-0.0006598047912120819
31.560089004,31.559727430343628,-0.8135616469069393,3.550964703428049,1.0735136270523071,-0.004630671857958512,0.21853623923875856,0.0,0.0,0.0,0.0,448.0,-0.0006598047912120819
31.609972758,31.60973811149597,-0.8162961607049204,3.565003929102983,1.0735136270523071,0.0011389191664716836,0.21792024137397473,0.0,0.0,0.0,0.0,448.0,-0.0006598047912120819
31.659928876,31.659746646881104,-0.8141878771727498,3.5770160748133017,1.0735136270523071,0.009541965828302773,0.21851446742269615,0.0,0.0,0.0,0.0,448.0,-0.0006598047912120819
31.71305165,31.712868452072144,-0.8160107744444121,3.5921584059394887,1.0735136270523071,0.014974768944693021,0.21985260280986693,0.0,0.0,0.0,0.0,448.0,-0.0006598047912120819
31.76002762,31.759742498397827,-0.8133572152896882,3.601333725206729,1.0735136270523071,0.022891491134915686,0.22305264314474402,0.0,0.0,0.0,0.0,448.0,-0.0006598047912120819
31.813152977,31.81284999847412,-0.813876148026926,3.615970788457763,1.0735136270523071,0.02803370855190614,0.22582098677769682,0.0,0.0,0.0,0.0,448.0,-0.0006598047912120819
31.859976826,31.859689474105835,-0.810652958832898,3.625775657441718,1.0735136270523071,0.035569231788294006,0.23065992755671527,0.0,0.0,0.0,0.0,448.0,-0.0006598047912120819
31.910108271,31.909801483154297,-0.810168844858812,3.6408847094084633,1.0735136270523071,0.04049558811159325,0.23420594955103477,0.0,0.0,0.0,0.0,448.0,-0.0006598047912120819
31.960666476,31.96041488647461,-0.8050168438426616,3.6501390091605095,1.0735136270523071,0.047793524099327994,0.23980894448219667,0.0,0.0,0.0,0.0,448.0,-0.0006598047912120819
32.010079561,32.009803771972656,-0.8035162609041363,3.6682582844075533,1.0735136270523071,0.05252176831178972,0.24354768476533226,0.0,0.0,0.0,0.0,448.0,-0.0006598047912120819
32.060056932,32.05974459648132,-0.798291124094495,3.6788736161031914,1.0735136270523071,0.05943111182028836,0.2486127086365197,0.0,0.0,0.0,0.0,448.0,-0.0006598047912120819
32.111201636,32.10981893539429,-0.7954416044463382,3.697152250289646,1.0735136270523071,0.06340034127865521,0.24997748082768287,0.0,0.0,0.0,0.0,448.0,-0.0006598047912120819
32.160125518,32.15979719161987,-0.7888615800364895,3.704531963844526,1.0735136270523071,0.06847729499276003,0.24919099455915633,0.0,0.0,0.0,0.0,448.0,-0.0006598047912120819
32.210195801,32.20982098579407,-0.7862046770348743,3.7031586401349337,1.0735136270523071,0.07142422245766457,0.2472368406137819,0.0,0.0,0.0,0.0,448.0,-0.0006598047912120819
32.260327406,32.259817123413086,-0.779330505937701,3.7304382794939515,1.0735136270523071,0.07540818510075163,0.24287473288473993,0.0,0.0,0.0,0.0,448.0,-0.0006598047912120819
32.310153264,32.30987596511841,-0.7743554891173487,3.7484809543221163,1.0735136270523071,0.07789153543527905,0.2393776680621479,0.0,0.0,0.0,0.0,448.0,-0.0006598047912120819
32.360183252,32.3598198890686,-0.7687898622410188,3.7549116061651175,1.0735136270523071,0.08152746500826005,0.2337987935278891,0.0,0.0,0.0,0.0,448.0,-0.0006598047912120819
32.410293574,32.40987849235535,-0.7629407044893063,3.7726786519978623,1.0735136270523071,0.08397780937465756,0.230127445532946,0.0,0.0,0.0,0.0,448.0,-0.0006598047912120819
32.460223161,32.45983099937439,-0.7524530387523181,3.8018735320308146,1.0735136270523071,0.08780779796865809,0.22508097029143218,0.0,0.0,0.0,0.0,448.0,-0.0006598047912120819
32.510175889,32.509899854660034,-0.7507477255502414,3.7955509448937996,1.0735136270523071,0.09051922226170528,0.22219721825231573,0.0,0.0,0.0,0.0,448.0,-0.0006598047912120819
32.560081984,32.55984425544739,-0.7440713460978462,3.8028368909588,1.0735136270523071,0.09488942240640431,0.2188125502450478,0.0,0.0,0.0,0.0,448.0,-0.0006598047912120819
32.610173647,32.60990858078003,-0.7379077253201416,3.8170182379202724,1.0735136270523071,0.09802645811429274,0.21726560332512215,0.0,0.0,0.0,0.0,448.0,-0.0006598047912120819
32.660176974,32.65987467765808,-0.7303792388710926,3.8310386365162357,1.0735136270523071,0.1030767970449239,0.21606762978157681,0.0,0.0,0.0,0.0,448.0,-0.0006598047912120819
32.710302541,32.709935426712036,-0.7236081906512141,3.8451898911140208,1.0735136270523071,0.10666316592157733,0.21600272757177832,0.0,0.0,0.0,0.0,448.0,-0.0006598047912120819
32.760120303,32.759886264801025,-0.7168668002127487,3.8557949533820244,1.0735136270523071,0.11233409094575855,0.21690179226817727,0.0,0.0,0.0,0.0,448.0,-0.0006598047912120819
32.810233443,32.80991721153259,-0.70960021792525,3.8694090095188662,1.0735136270523071,0.11627341293872069,0.21807611613455388,0.0,0.0,0.0,0.0,448.0,-0.0006598047912120819
32.860121713,32.85991144180298,-0.7025216268608181,3.8780149097909673,1.0735136270523071,0.12236207161708541,0.2205475660715574,0.0,0.0,0.0,0.0,448.0,-0.0006598047912120819
32.910292719,32.90996551513672,-0.69338294635505,3.893719042991363,1.0735136270523071,0.12650738889171995,0.22258372145644223,0.0,0.0,0.0,0.0,448.0,-0.0006598047912120819
32.960249672,32.95992970466614,-0.6877316547259171,3.8990885913542135,1.0735136270523071,0.13281109605650754,0.226089748461051,0.0,0.0,0.0,0.0,448.0,-0.0006598047912120819
33.010346585,33.00997614860535,-0.6775051605593359,3.9152671873582254,1.0735136270523071,0.1370378963115116,0.22865210870513714,0.0,0.0,0.0,0.0,448.0,-0.0006598047912120819
33.060284848,33.05996036529541,-0.6716121334415426,3.919571793545172,1.0735136270523071,0.14298483935572953,0.23212466634359644,0.0,0.0,0.0,0.0,448.0,-0.0006598047912120819
33.11062849,33.11000728607178,-0.661193806771521,3.935077050861145,1.0735136270523071,0.14548356183080732,0.23231038187920458,0.0,0.0,0.0,0.0,448.0,-0.0006598047912120819
33.160271919,33.15995192527771,-0.6538956875328569,3.938950008116756,1.0735136270523071,0.14726401722383572,0.22969166445629763,0.0,0.0,0.0,0.0,448.0,-0.0006598047912120819
33.211028783,33.210681438446045,-0.6446280057923115,3.952242828435036,1.0735136270523071,0.1475355174895165,0.22660690752008741,0.0,0.0,0.0,0.0,448.0,-0.0006598047912120819
33.260219112,33.259997844696045,-0.6354505296679643,3.960683785038001,1.0735136270523071,0.14717220701318248,0.22086009300314277,0.0,0.0,0.0,0.0,448.0,-0.0006598047912120819
33.314071535,33.31001687049866,-0.6270370102472477,3.9723327078526203,1.0735136270523071,0.14671744971836467,0.2167284192598431,0.0,0.0,0.0,0.0,448.0,-0.0006598047912120819
33.360187332,33.359997272491455,-0.6183878471703641,3.976911492546563,1.0735136270523071,0.1461484765264928,0.21072128245734972,0.0,0.0,0.0,0.0,448.0,-0.0006598047912120819
33.410345023,33.41001510620117,-0.6069214713834578,3.9918852951530885,1.0735136270523071,0.14604770370647777,0.20715300931626146,0.0,0.0,0.0,0.0,448.0,-0.0006598047912120819
33.460219339,33.460007429122925,-0.6016359145311938,3.9938576966945636,1.0735136270523071,0.14657662808256394,0.20283670439221468,0.0,0.0,0.0,0.0,448.0,-0.0006598047912120819
33.510824785,33.510066747665405,-0.5898130033736584,4.009423575218419,1.0735136270523071,0.1474867814248762,0.20081256856095858,0.0,0.0,0.0,0.0,448.0,-0.0006598047912120819
33.560456148,33.56003713607788,-0.5817606492008377,4.017917149273487,1.0735136270523071,0.14980062119026327,0.19919859081682428,0.0,0.0,0.0,0.0,448.0,-0.0006598047912120819
33.610437106,33.610132694244385,-0.5717306810419497,4.03084723748638,1.0735136270523071,0.15193958617526399,0.19909596708329147,0.0,0.0,0.0,0.0,448.0,-0.0006598047912120819
33.660362022,33.66004514694214,-0.563556122750682,4.0421005435364465,1.0735136270523071,0.15603865318114699,0.20028477789037644,0.0,0.0,0.0,0.0,448.0,-0.0006598047912120819
33.710569236,33.71023893356323,-0.5531664703662466,4.055006919216424,1.0735136270523071,0.15925795776459695,0.20185253511890117,0.0,0.0,0.0,0.0,448.0,-0.0006598047912120819
33.76033848,33.76010060310364,-0.5457064878803142,4.060888054214765,1.0735136270523071,0.16463517473911551,0.20511417551237066,0.0,0.0,0.0,0.0,448.0,-0.0006598047912120819
33.81063226,33.81012153625488,-0.5342738952274387,4.074571123287477,1.0735136270523071,0.16849797687215426,0.207764287431616,0.0,0.0,0.0,0.0,448.0,-0.0006598047912120819
33.860360569,33.860079288482666,-0.5284955321983602,4.078773340852129,1.0735136270523071,0.17453081873638937,0.21221847769631694,0.0,0.0,0.0,0.0,448.0,-0.0006598047912120819
33.910488721,33.91018605232239,-0.5156421598568628,4.0944219778040045,1.0735136270523071,0.17863228980614926,0.21539199463649597,0.0,0.0,0.0,0.0,448.0,-0.0006598047912120819
33.960277584,33.960087299346924,-0.5055286483056404,4.106905566792228,1.0735136270523071,0.18477492186590191,0.2202753936044094,0.0,0.0,0.0,0.0,448.0,-0.0006598047912120819
34.011051348,34.010140895843506,-0.49576232287013167,4.118428524284469,1.0735136270523071,0.18878840952688758,0.2235107246716418,0.0,0.0,0.0,0.0,448.0,-0.0006598047912120819
34.06036554,34.06013298034668,-0.4873294657805024,4.124892655888302,1.0735136270523071,0.1945886545625888,0.22819035722296335,0.0,0.0,0.0,0.0,448.0,-0.0006598047912120819
34.110484474,34.11016631126404,-0.47428161087035187,4.140549161548716,1.0735136270523071,0.19823668893102023,0.23110321297843708,0.0,0.0,0.0,0.0,448.0,-0.0006598047912120819
34.160337636,34.16014075279236,-0.4654079794160804,4.150347109109831,1.0735136270523071,0.20331595204474073,0.23506047145825681,0.0,0.0,0.0,0.0,448.0,-0.0006598047912120819
34.210485696,34.210169315338135,-0.4538067241404523,4.164118385894088,1.0735136270523071,0.2063915806589852,0.23736014564802813,0.0,0.0,0.0,0.0,448.0,-0.0006598047912120819
34.260476193,34.26016163825989,-0.4436705599771562,4.174850342731286,1.0735136270523071,0.2104793046959678,0.24021855630096417,0.0,0.0,0.0,0.0,448.0,-0.0006598047912120819
34.310576948,34.31021785736084,-0.42966783551573634,4.19103163339379,1.0735136270523071,0.2128220024465103,0.2416885800878252,0.0,0.0,0.0,0.0,448.0,-0.0006598047912120819
34.360369396,34.360156536102295,-0.4214984066736448,4.204002805166964,1.0735136270523071,0.21572655139117777,0.24319085989808728,0.0,0.0,0.0,0.0,448.0,-0.0006598047912120819
34.410488362,34.410189151763916,-0.40925835021789914,4.217702018480542,1.0735136270523071,0.217238973844391,0.2437030944949305,0.0,0.0,0.0,0.0,448.0,-0.0006598047912120819
34.460489581,34.460153341293335,-0.401288457903039,4.228333030746414,1.0735136270523071,0.21886232817790646,0.2437211768942493,0.0,0.0,0.0,0.0,448.0,-0.0006598047912120819
34.510528854,34.5102105140686,-0.38673564843396263,4.244167094207322,1.0735136270523071,0.21950925641036867,0.24323145975226196,0.0,0.0,0.0,0.0,448.0,-0.0006598047912120819
34.560385088,34.56019139289856,-0.37860593511174356,4.254119863067634,1.0735136270523071,0.21983572080818517,0.24176205849168725,0.0,0.0,0.0,0.0,448.0,-0.0006598047912120819
34.610591269,34.6102614402771,-0.36397917670591917,4.269731048886552,1.0735136270523071,0.21963650109740962,0.2403110636735778,0.0,0.0,0.0,0.0,448.0,-0.0006598047912120819
34.660503417,34.660202503204346,-0.3564045340779974,4.27572696622588,1.0735136270523071,0.21873412066586465,0.2374518782082573,0.0,0.0,0.0,0.0,448.0,-0.0006598047912120819
34.710481667,34.710240602493286,-0.356779154068132,4.274563239967902,1.0735136270523071,0.21777464021839973,0.23518263718560758,0.0,0.0,0.0,0.0,448.0,-0.0006598047912120819
34.760436576,34.760239124298096,-0.3318165534223515,4.300641134940434,1.0735136270523071,0.2157967311691989,0.23118925031620624,0.0,0.0,0.0,0.0,448.0,-0.0006598047912120819
34.810622723,34.810280561447144,-0.3189538762803944,4.314017524329216,1.0735136270523071,0.2141487509771939,0.2281888668655028,0.0,0.0,0.0,0.0,448.0,-0.0006598047912120819
34.860449931,34.86025261878967,-0.3091995424692108,4.321647683502984,1.0735136270523071,0.21121920959369314,0.22323581423672934,0.0,0.0,0.0,0.0,448.0,-0.0006598047912120819
34.910620043,34.91029739379883,-0.2963432212092602,4.334671764644901,1.0735136270523071,0.20898043461656002,0.2196602220392786,0.0,0.0,0.0,0.0,448.0,-0.0006598047912120819
34.960473784,34.96027421951294,-0.286422893630053,4.34326799598987,1.0735136270523071,0.20522740603416983,0.2139354165112432,0.0,0.0,0.0,0.0,448.0,-0.0006598047912120819
35.010610131,35.01031231880188,-0.2739130683219386,4.355779624269254,1.0735136270523071,0.20248059902926838,0.20990423381718884,0.0,0.0,0.0,0.0,448.0,-0.0006598047912120819
35.060494692,35.060280561447144,-0.2649563044376375,4.364801965480604,1.0735136270523071,0.1980219380002768,0.2035759744048801,0.0,0.0,0.0,0.0,448.0,-0.0006598047912120819
35.110621405,35.11031436920166,-0.25270031961523776,4.376777243122823,1.0735136270523071,0.1948459170974664,0.19920012325274875,0.0,0.0,0.0,0.0,448.0,-0.0006598047912120819
35.160452422,35.16028809547424,-0.24391786601099036,4.384096894007942,1.0735136270523071,0.18979638097993823,0.19242781369575457,0.0,0.0,0.0,0.0,448.0,-0.0006598047912120819
35.210647979,35.21035814285278,-0.23149673584485675,4.395570432257057,1.0735136270523071,0.18626089516780905,0.1878024298600775,0.0,0.0,0.0,0.0,448.0,-0.0006598047912120819
35.260525274,35.260289907455444,-0.2248608024397749,4.4037345241340065,1.0735136270523071,0.18072476174350133,0.18072601534373192,0.0,0.0,0.0,0.0,448.0,-0.0006598047912120819
35.310722016,35.31043529510498,-0.21025781439735974,4.416763062458721,1.0735136270523071,0.17689616925454765,0.1759387128240186,0.0,0.0,0.0,0.0,448.0,-0.0006598047912120819
35.360554504,35.360334157943726,-0.20505719772649988,4.424115724429109,1.0735136270523071,0.17097236544245406,0.1686857112610333,0.0,0.0,0.0,0.0,448.0,-0.0006598047912120819
35.410708102,35.410409927368164,-0.19211182387139092,4.435177119210169,1.0735136270523071,0.1669169601705174,0.1638199742909052,0.0,0.0,0.0,0.0,448.0,-0.0006598047912120819
35.460545711,35.460318088531494,-0.18874178113625306,4.4383015890018696,1.0735136270523071,0.16069846290338852,0.15650416035589165,0.0,0.0,0.0,0.0,448.0,-0.0006598047912120819
35.510920818,35.51035189628601,-0.19539841618354822,4.434330059149864,1.0735136270523071,0.15646505357530952,0.1516183929881255,0.0,0.0,0.0,0.0,448.0,-0.0006598047912120819
35.560584735,35.56036114692688,-0.17252170057325422,4.452094624514712,1.0735136270523071,0.15002826774316436,0.14432801873709675,0.0,0.0,0.0,0.0,448.0,-0.0006598047912120819
35.61100004,35.61043572425842,-0.16016397741272592,4.461457182802432,1.0735136270523071,0.1456881316978315,0.13950220965981153,0.0,0.0,0.0,0.0,448.0,-0.0006598047912120819
35.660680343,35.660395860672,-0.15447580554318135,4.467942181739337,1.0735136270523071,0.13910962904016708,0.13231911519814527,0.0,0.0,0.0,0.0,448.0,-0.0006598047912120819
35.710856356,35.710447788238525,-0.1416919962506197,4.477432435811401,1.0735136270523071,0.1346971764249644,0.12758663692573294,0.0,0.0,0.0,0.0,448.0,-0.0006598047912120819
35.76059171,35.760380268096924,-0.1388896489175892,4.480047519108741,1.0735136270523071,0.12804558039481204,0.12057717133853955,0.0,0.0,0.0,0.0,448.0,-0.0006598047912120819
35.810827692,35.81050944328308,-0.12784145014616088,4.487669927836522,1.0735136270523071,0.12361156493286138,0.11598498895752969,0.0,0.0,0.0,0.0,448.0,-0.0006598047912120819
35.860756454,35.860440731048584,-0.12732136665908594,4.488670399457735,1.0735136270523071,0.11695061119873677,0.10920268713974449,0.0,0.0,0.0,0.0,448.0,-0.0006598047912120819
35.910991828,35.910475730895996,-0.1159515325363002,4.495790986763298,1.0735136270523071,0.11252174302308546,0.10476773172092803,0.0,0.0,0.0,0.0,448.0,-0.0006598047912120819
35.960631486,35.960424184799194,-0.11508254987155658,4.5003561205814275,1.0735136270523071,0.10590962082999066,0.09825272465029852,0.0,0.0,0.0,0.0,448.0,-0.0006598047912120819
